osm_id,name,lat,lon,source
308227975,Автомойка,55.7028677,37.4575857,OpenStreetMap Overpass API
308227985,Автомойка,55.7077017,37.4840546,OpenStreetMap Overpass API
308228036,Автомойка,55.7229319,37.4791179,OpenStreetMap Overpass API
308228054,Автомойка,55.7232966,37.4792751,OpenStreetMap Overpass API
308228160,Автомойка,55.7189558,37.4502339,OpenStreetMap Overpass API
308228228,Автомойка,55.7143205,37.4582895,OpenStreetMap Overpass API
308228336,Автомойка,55.7065815,37.4553337,OpenStreetMap Overpass API
308235501,Автомойка,55.7267701,37.4956954,OpenStreetMap Overpass API
317523334,Автомойка,55.5771819,37.5690983,OpenStreetMap Overpass API
317812130,Автомойка,55.5728244,37.5642891,OpenStreetMap Overpass API
318124169,Автомойка,55.8750775,37.5582107,OpenStreetMap Overpass API
356516996,Автомойка,55.9138131,37.837707,OpenStreetMap Overpass API
365383472,Автомойка,55.7293354,37.6173277,OpenStreetMap Overpass API
369331854,Автомойка,55.6554544,37.5578492,OpenStreetMap Overpass API
385810463,Автомойка,55.7578104,37.7154062,OpenStreetMap Overpass API
385954688,Автомойка,55.7060457,37.8453281,OpenStreetMap Overpass API
417789496,Avtoclean,55.6468823,37.4751247,OpenStreetMap Overpass API
419638311,Автомойка,55.9258509,37.8560069,OpenStreetMap Overpass API
428918978,Автомойка,55.711199,37.5068969,OpenStreetMap Overpass API
430941087,Автомойка,55.5980706,37.7262924,OpenStreetMap Overpass API
433443220,Автомойка,55.6769971,37.8563284,OpenStreetMap Overpass API
444559062,Автомойка,55.670698,37.4474813,OpenStreetMap Overpass API
481979803,Автомойка,55.7150059,37.4595043,OpenStreetMap Overpass API
482862614,Автомойка,55.7276523,37.4194319,OpenStreetMap Overpass API
483002312,Автомойка,55.8118026,37.3870234,OpenStreetMap Overpass API
483002323,Автомойка,55.8138621,37.3909131,OpenStreetMap Overpass API
494963177,Автомойка,55.6897717,37.6001064,OpenStreetMap Overpass API
500007673,Автомойка,55.8216986,37.5903841,OpenStreetMap Overpass API
500008007,Автомойка,55.8361279,37.5794137,OpenStreetMap Overpass API
505572679,Автомойка,55.6998287,37.7914532,OpenStreetMap Overpass API
517373693,Автомойка,55.6123671,37.7178545,OpenStreetMap Overpass API
527738012,Автомойка,55.8803678,37.6696167,OpenStreetMap Overpass API
529398115,Автомойка,55.6775516,37.4845682,OpenStreetMap Overpass API
529400841,Автомойка,55.6894848,37.4855802,OpenStreetMap Overpass API
529537742,Автомойка,55.5782689,37.5779553,OpenStreetMap Overpass API
534742390,Автомойка,55.6999768,37.8565116,OpenStreetMap Overpass API
595359947,Портал,55.701154,37.6050147,OpenStreetMap Overpass API
596564948,Автобаня,55.6565742,37.7421081,OpenStreetMap Overpass API
601257660,Автомойка,55.6508755,37.759585,OpenStreetMap Overpass API
601257671,Автомойка,55.6555037,37.7541598,OpenStreetMap Overpass API
601377122,Автомойка,55.7215326,37.7406361,OpenStreetMap Overpass API
604021124,Автомойка,55.4910687,37.3260568,OpenStreetMap Overpass API
609628707,Автомойка,55.6702141,37.902518,OpenStreetMap Overpass API
609628718,Автомойка,55.6713299,37.9002971,OpenStreetMap Overpass API
609734196,Автомойка,55.5483761,37.5261072,OpenStreetMap Overpass API
609735323,Автомойка,55.5301942,37.5281938,OpenStreetMap Overpass API
610506602,Автомойка,55.8140544,37.3924671,OpenStreetMap Overpass API
611076914,Автомойка,55.6778853,37.9042672,OpenStreetMap Overpass API
611650058,Автомойка,55.6683785,37.7414665,OpenStreetMap Overpass API
612036557,Автомойка,55.6136677,37.5400294,OpenStreetMap Overpass API
612574292,Автомойка,55.7544726,37.5619578,OpenStreetMap Overpass API
613107913,Автомойка,55.5408843,37.5324048,OpenStreetMap Overpass API
613401626,Автомойка,55.9307247,37.503176,OpenStreetMap Overpass API
614515195,Автомойка,55.7170303,37.5103436,OpenStreetMap Overpass API
614515207,Автомойка,55.7406096,37.4052706,OpenStreetMap Overpass API
616493834,ЕвроШИК,55.6970871,37.4619515,OpenStreetMap Overpass API
618687884,Автомойка,55.7944064,37.4064173,OpenStreetMap Overpass API
620370407,Автомойка,55.9603171,37.6609124,OpenStreetMap Overpass API
621175266,Автомойка,55.6693424,37.4916809,OpenStreetMap Overpass API
623561168,Автомойка,55.7068998,37.7092217,OpenStreetMap Overpass API
633132252,Автомойка,55.6159601,37.5093315,OpenStreetMap Overpass API
655272276,Автомойка,55.8259767,37.3531697,OpenStreetMap Overpass API
662765997,Автомойка,55.9396091,38.0318716,OpenStreetMap Overpass API
665322299,Автомойка,55.643382,37.4720997,OpenStreetMap Overpass API
668516757,Автомойка,55.8523746,37.585675,OpenStreetMap Overpass API
675760911,Портал,55.6878756,37.4742169,OpenStreetMap Overpass API
677347556,Автомойка,55.7373267,37.5403373,OpenStreetMap Overpass API
677347561,Автомойка,55.7839072,37.6225284,OpenStreetMap Overpass API
677363677,K8 detailing,55.8367389,37.4422898,OpenStreetMap Overpass API
678313647,Портал,55.6507657,37.5348771,OpenStreetMap Overpass API
679462345,Автомойка,55.802507,37.7558706,OpenStreetMap Overpass API
679681876,Триумф-Сервис,55.7469986,37.5397942,OpenStreetMap Overpass API
681793684,Автомойка,55.7510619,37.7084953,OpenStreetMap Overpass API
681793689,Detailing Bar,55.7505593,37.7102095,OpenStreetMap Overpass API
683494534,Автомойка,55.7525533,37.5328039,OpenStreetMap Overpass API
690199945,Автомойка,55.6332756,37.7010552,OpenStreetMap Overpass API
690199950,Автомойка,55.6339939,37.7020563,OpenStreetMap Overpass API
699978160,Автомойка,55.6318027,37.9771287,OpenStreetMap Overpass API
701015500,Автомойка,55.8275518,37.9008826,OpenStreetMap Overpass API
708425854,Автомойка,55.9733287,37.7277616,OpenStreetMap Overpass API
708860366,Автомойка,55.7155307,37.7562191,OpenStreetMap Overpass API
717390923,Автомойка,55.6161646,37.96652,OpenStreetMap Overpass API
738936071,Автомойка,55.7953796,37.5943971,OpenStreetMap Overpass API
741343797,Автомойка,55.7411836,37.5150845,OpenStreetMap Overpass API
767527391,Автомойка,55.6457302,37.5607172,OpenStreetMap Overpass API
767527449,Автомойка,55.6499272,37.5594257,OpenStreetMap Overpass API
779048722,Автомойка,55.747539,37.765099,OpenStreetMap Overpass API
807993225,Автомойка,55.6171644,37.4728534,OpenStreetMap Overpass API
813931958,Автолайт,55.7334392,37.6645261,OpenStreetMap Overpass API
842942214,Автомойка,55.6954384,37.4089758,OpenStreetMap Overpass API
849944130,Автомойка,55.5085635,37.5594342,OpenStreetMap Overpass API
849976170,Автомойка,55.5101234,37.574685,OpenStreetMap Overpass API
858224865,ЛоскАвто,55.788718,37.389378,OpenStreetMap Overpass API
902642675,Автомойка,55.8062871,37.5613676,OpenStreetMap Overpass API
903820965,Автомойка,55.6129958,37.590279,OpenStreetMap Overpass API
903826656,акваИМЕНС,55.6834844,37.5527448,OpenStreetMap Overpass API
910534791,Автомойка,55.6990362,37.8648107,OpenStreetMap Overpass API
910738716,Автомойка,55.6790237,37.9082197,OpenStreetMap Overpass API
924267395,Автомойка МИД,55.7365937,37.5015902,OpenStreetMap Overpass API
927222339,Автомойка,55.8746376,37.7077535,OpenStreetMap Overpass API
927327172,Автомойка,55.8816534,37.7123904,OpenStreetMap Overpass API
928524971,Автомойка,55.5954172,37.5990662,OpenStreetMap Overpass API
937887326,Эсперо,55.6439821,37.5864957,OpenStreetMap Overpass API
938559363,Эталон,55.8351294,37.4471945,OpenStreetMap Overpass API
939090085,Автомойка,55.7416683,37.5565862,OpenStreetMap Overpass API
939090094,Автомойка,55.7418773,37.555796,OpenStreetMap Overpass API
960519764,Автомойка,55.4978214,37.5683853,OpenStreetMap Overpass API
968028072,Автомойка,55.6972287,37.6663018,OpenStreetMap Overpass API
971038834,Автомойка,55.7435043,37.5120822,OpenStreetMap Overpass API
979487969,Портал,55.6575961,37.6414104,OpenStreetMap Overpass API
983352326,Автомойка,55.686325,37.6032119,OpenStreetMap Overpass API
984474180,Автомойка,55.834966,37.578821,OpenStreetMap Overpass API
984474193,Автомойка,55.8350126,37.5782762,OpenStreetMap Overpass API
997194270,Автомойка,55.8634439,37.6460602,OpenStreetMap Overpass API
1002536015,Автомойка,55.7884931,37.6626344,OpenStreetMap Overpass API
1002536050,Автомойка,55.7886212,37.6604875,OpenStreetMap Overpass API
1003094354,Chisto,55.8906512,37.7127995,OpenStreetMap Overpass API
1010542013,Автомойка,55.4922338,37.325361,OpenStreetMap Overpass API
1011434341,Автомойка,55.8530396,37.672007,OpenStreetMap Overpass API
1030139921,Автомойка,55.9380603,37.3154582,OpenStreetMap Overpass API
1036541526,CarWash74,55.7981688,37.9886419,OpenStreetMap Overpass API
1036541573,Автомойка,55.8374401,37.9505258,OpenStreetMap Overpass API
1036541750,Автомойка,55.8258108,37.9742797,OpenStreetMap Overpass API
1038195642,Автомойка,55.797452,37.9846848,OpenStreetMap Overpass API
1072752591,Автомойка,55.8858965,37.6870913,OpenStreetMap Overpass API
1072770457,Автомойка,55.8842676,37.6894626,OpenStreetMap Overpass API
1083081339,Автомойка,55.615677,37.717057,OpenStreetMap Overpass API
1083377061,Автомойка,55.6794997,37.3864256,OpenStreetMap Overpass API
1086738528,Автомойка,55.6689365,37.2584172,OpenStreetMap Overpass API
1096216937,Автомойка,55.6117369,37.6116288,OpenStreetMap Overpass API
1096537374,Автомойка,55.6863202,37.3087879,OpenStreetMap Overpass API
1110598764,Автомойка,55.7985208,37.519919,OpenStreetMap Overpass API
1111598122,Автомойка,55.8970746,37.7302975,OpenStreetMap Overpass API
1118973590,Автомойка,55.7677147,37.4048332,OpenStreetMap Overpass API
1124522675,Портал,55.8834356,37.7224518,OpenStreetMap Overpass API
1138073290,Автомойка,55.6734967,37.4771282,OpenStreetMap Overpass API
1156101230,Автомойка,55.797723,37.5195557,OpenStreetMap Overpass API
1171653201,Автомойка,55.6544423,37.7771773,OpenStreetMap Overpass API
1176695367,GF,55.7777287,37.958926,OpenStreetMap Overpass API
1180212443,Автомойка,55.6434507,37.7464437,OpenStreetMap Overpass API
1198370328,Автомойка,55.6071638,37.5888178,OpenStreetMap Overpass API
1211794099,Автомойка,55.7622042,37.7280536,OpenStreetMap Overpass API
1211794133,Мойка на базе,55.7627872,37.7276754,OpenStreetMap Overpass API
1223959529,Автомойка,55.5702576,37.5640089,OpenStreetMap Overpass API
1226623493,Автомойка,55.6995453,37.8069739,OpenStreetMap Overpass API
1244371297,Автомойка,55.8044649,37.9127428,OpenStreetMap Overpass API
1260358990,Автомойка,55.893633,37.675256,OpenStreetMap Overpass API
1264896769,Автомойка,55.7832893,37.4572232,OpenStreetMap Overpass API
1289194186,Дилан-Люкс,55.8113008,37.4868073,OpenStreetMap Overpass API
1294562905,43 таксопарк,55.7745515,37.511487,OpenStreetMap Overpass API
1295222357,Автомойка,55.6632975,38.0230574,OpenStreetMap Overpass API
1298380264,Автомойка,55.7952358,37.4664316,OpenStreetMap Overpass API
1305260047,Автомойка,55.9208907,37.3979477,OpenStreetMap Overpass API
1305260049,Автомойка,55.8944485,37.4050238,OpenStreetMap Overpass API
1305260060,Автомойка,55.9396669,37.3676065,OpenStreetMap Overpass API
1306152360,Автомойка,55.6043767,37.7899188,OpenStreetMap Overpass API
1306231280,Автомойка,55.5667744,37.5577918,OpenStreetMap Overpass API
1307009110,Мегаполис М,55.6730468,37.8662968,OpenStreetMap Overpass API
1327239366,Автомойка,55.8455353,37.3670394,OpenStreetMap Overpass API
1348448460,Автомойка,55.7516778,38.0139673,OpenStreetMap Overpass API
1349030623,Автомойка,55.7866436,37.8814663,OpenStreetMap Overpass API
1350610440,Автомойка,55.6042431,37.4839655,OpenStreetMap Overpass API
1351235462,Автомойка,55.6103918,37.3277394,OpenStreetMap Overpass API
1352616312,Метеор,55.7944609,37.3905794,OpenStreetMap Overpass API
1360679676,Автомойка,55.539604,37.54346,OpenStreetMap Overpass API
1371208754,Автомойка,55.8488127,37.4037423,OpenStreetMap Overpass API
1377393845,Автомойка,55.9788526,37.259402,OpenStreetMap Overpass API
1381687622,Автомойка,55.6175521,37.6955486,OpenStreetMap Overpass API
1381687623,Азбука блеска,55.6175703,37.6947546,OpenStreetMap Overpass API
1385666641,Autoexpert,55.669055,37.7802412,OpenStreetMap Overpass API
1388574637,Автомойка,55.7100751,37.8519862,OpenStreetMap Overpass API
1389432021,Президент,55.815992,37.843924,OpenStreetMap Overpass API
1391290498,Автомойка,55.7086327,37.8718142,OpenStreetMap Overpass API
1395039942,Автомойка,55.7168723,37.4245584,OpenStreetMap Overpass API
1403127041,Автомойка,55.5682668,37.5924264,OpenStreetMap Overpass API
1410742625,Автомойка,55.7895024,37.6664062,OpenStreetMap Overpass API
1413308614,Умная мойка,55.7574605,37.6697451,OpenStreetMap Overpass API
1430897148,Эвис-Моторс,55.7204159,37.6341397,OpenStreetMap Overpass API
1432109254,Автомойка,55.6922962,37.7219437,OpenStreetMap Overpass API
1435389493,Автомойка,55.8894745,37.5884945,OpenStreetMap Overpass API
1437752761,Автомойка,55.7931563,37.6031943,OpenStreetMap Overpass API
1438176533,Автомойка,55.64138,37.522339,OpenStreetMap Overpass API
1453496725,Автомойка,55.6733654,37.5416312,OpenStreetMap Overpass API
1456141200,Автомойка,55.8942916,37.9843574,OpenStreetMap Overpass API
1482052225,Автомойка,55.6205417,37.6122328,OpenStreetMap Overpass API
1482321976,Автомойка,55.6114612,37.7306927,OpenStreetMap Overpass API
1487771591,Автомойка,55.9147535,37.3948829,OpenStreetMap Overpass API
1515073642,Экспресс Робот Мойка,55.7349916,37.6448373,OpenStreetMap Overpass API
1520867635,Автомойка,55.8757511,37.611561,OpenStreetMap Overpass API
1520901579,Автомойка,55.8732907,37.5949495,OpenStreetMap Overpass API
1544191720,Автомойка,55.6159571,37.6131114,OpenStreetMap Overpass API
1573000941,Автомойка,55.7715826,37.6512595,OpenStreetMap Overpass API
1578375759,Автомойка,55.7937526,37.7412224,OpenStreetMap Overpass API
1594515177,Автомойка,55.8584724,37.5854679,OpenStreetMap Overpass API
1599591875,Автомойка,55.7158865,37.4080702,OpenStreetMap Overpass API
1606949000,Самомой,55.8016299,37.7267028,OpenStreetMap Overpass API
1610618153,Автомойка,55.6274253,37.6468812,OpenStreetMap Overpass API
1611534245,Автомойка,55.7329025,37.4439978,OpenStreetMap Overpass API
1615852569,Автомойка,55.6177968,37.6071191,OpenStreetMap Overpass API
1629455964,Автомойка,55.810152,37.9614028,OpenStreetMap Overpass API
1648430029,Мойка-Мойка,55.8008845,37.5728683,OpenStreetMap Overpass API
1657997570,Автомойка,55.7466924,37.9827004,OpenStreetMap Overpass API
1675823762,Автомойка,55.7708958,37.6460264,OpenStreetMap Overpass API
1682902828,Автомойка,55.7078103,37.8022942,OpenStreetMap Overpass API
1682902845,Автомойка,55.6984639,37.8060292,OpenStreetMap Overpass API
1683148549,Мойка 24,55.8535542,37.9729394,OpenStreetMap Overpass API
1683155897,Автомойка,55.911046,38.002597,OpenStreetMap Overpass API
1685948323,TopClean,55.7657345,37.637622,OpenStreetMap Overpass API
1698000621,Автомойка,55.9737844,37.5089322,OpenStreetMap Overpass API
1711695865,Автомойка,55.6011168,37.6037719,OpenStreetMap Overpass API
1722549933,Авто Драйв,55.8985747,37.3936658,OpenStreetMap Overpass API
1727512929,Автомойка,55.7008614,37.4018677,OpenStreetMap Overpass API
1728240704,Автомойка,55.7574089,37.8310654,OpenStreetMap Overpass API
1739503763,Автомойка,55.7051139,37.3675037,OpenStreetMap Overpass API
1745885657,Автомойка,55.583873,37.658718,OpenStreetMap Overpass API
1750833047,Автомойка,55.8039581,37.9264989,OpenStreetMap Overpass API
1759761953,Автомойка,55.7448656,37.9801524,OpenStreetMap Overpass API
1765624126,Автомойка,55.7658734,37.8450908,OpenStreetMap Overpass API
1765624744,Автомойка,55.7590607,37.8461907,OpenStreetMap Overpass API
1768292676,Автомойка,55.8965441,37.4011464,OpenStreetMap Overpass API
1781675978,Автомойка,55.8254926,37.8072265,OpenStreetMap Overpass API
1781676412,Автомойка,55.8264356,37.8064305,OpenStreetMap Overpass API
1784934788,Автомойка,55.6338686,37.7026652,OpenStreetMap Overpass API
1786993201,Автомойка,55.8028837,37.6419271,OpenStreetMap Overpass API
1787309702,Автомойка,55.7385345,38.0134885,OpenStreetMap Overpass API
1789132231,СамПрачка,55.7212872,37.787228,OpenStreetMap Overpass API
1789907149,Автомойка,55.8583707,37.6234139,OpenStreetMap Overpass API
1790161940,Автомойка,55.7986977,37.7978202,OpenStreetMap Overpass API
1813409884,Автомойка,55.8170006,37.7900586,OpenStreetMap Overpass API
1815140592,Автомойка,55.7136278,37.8214469,OpenStreetMap Overpass API
1822693506,Автомойка,55.8308739,37.3035105,OpenStreetMap Overpass API
1838155595,Автомойка,55.7238159,37.6748039,OpenStreetMap Overpass API
1845420293,Автомойка,55.8239726,37.5072961,OpenStreetMap Overpass API
1845602702,Автомойка,55.836476,37.5041875,OpenStreetMap Overpass API
1867012056,Автомойка,55.787642,37.6113594,OpenStreetMap Overpass API
1880673466,Ларкс,55.8760016,37.4508503,OpenStreetMap Overpass API
1881532444,Доктор Авто,55.8535392,37.3621752,OpenStreetMap Overpass API
1883455074,Автомойка,55.6825138,37.6599915,OpenStreetMap Overpass API
1885337728,Автомойка,55.6923699,37.5672942,OpenStreetMap Overpass API
1888650588,Автомойка,55.8702694,37.4727023,OpenStreetMap Overpass API
1892859906,Автомойка,55.7650829,37.6695214,OpenStreetMap Overpass API
1912113998,Автомойка,55.8893993,37.6373694,OpenStreetMap Overpass API
1914248916,Автомойка,55.8282079,37.5137353,OpenStreetMap Overpass API
1920614716,Автомойка,55.8762488,37.4239961,OpenStreetMap Overpass API
1930146819,Автомойка,55.4996998,37.5702001,OpenStreetMap Overpass API
1938241903,Автомойка,55.7410351,37.7859467,OpenStreetMap Overpass API
1942999074,Автомойка,55.8302212,37.507629,OpenStreetMap Overpass API
1949136819,Автомойка,55.8379984,37.4150568,OpenStreetMap Overpass API
1974094335,Автомойка,55.9726293,37.4632697,OpenStreetMap Overpass API
1985797065,Автомойка,55.7973634,37.5663239,OpenStreetMap Overpass API
1991882429,Автомойка,55.9704259,37.5064962,OpenStreetMap Overpass API
1992151192,Автомойка,55.8307107,37.3439046,OpenStreetMap Overpass API
2016144982,Автомойка,55.7783953,37.4533072,OpenStreetMap Overpass API
2025221339,Автомойка,55.7802104,37.8589101,OpenStreetMap Overpass API
2028485036,Автомойка,55.8092636,37.7409404,OpenStreetMap Overpass API
2032358438,Автомойка,55.8117286,37.3119431,OpenStreetMap Overpass API
2034446492,Автомойка,55.8173012,37.3598441,OpenStreetMap Overpass API
2047009576,На Восточной,55.6721935,37.2983635,OpenStreetMap Overpass API
2053353904,Автомойка,55.6883489,37.5913083,OpenStreetMap Overpass API
2059696661,Автомойка,55.7112799,37.680734,OpenStreetMap Overpass API
2059697049,Автомойка,55.7122136,37.683937,OpenStreetMap Overpass API
2061566693,Автомойка,55.7798882,37.6938078,OpenStreetMap Overpass API
2062254686,Автомойка,55.9499837,37.3028272,OpenStreetMap Overpass API
2066002899,Автомойка,55.9177808,37.8707203,OpenStreetMap Overpass API
2066008080,Автомойка,55.9250907,37.8293074,OpenStreetMap Overpass API
2070406784,Автомойка,55.8155403,37.3249789,OpenStreetMap Overpass API
2073527487,Автомойка,55.8160245,37.3489568,OpenStreetMap Overpass API
2077366463,Автомойка,55.6874135,37.3093075,OpenStreetMap Overpass API
2077574487,Автомойка,55.7751498,37.4643889,OpenStreetMap Overpass API
2081785449,Автомойка,55.8955507,37.7116928,OpenStreetMap Overpass API
2081785451,Автомойка,55.8955871,37.7112053,OpenStreetMap Overpass API
2088385699,Автомойка,55.6462726,37.5006656,OpenStreetMap Overpass API
2088385723,Автомойка,55.6491932,37.4956184,OpenStreetMap Overpass API
2093478774,Автомойка,55.7938535,37.8417177,OpenStreetMap Overpass API
2093942873,Автомойка,55.7814057,37.4509041,OpenStreetMap Overpass API
2099817755,Автомойка,55.7804585,37.8412008,OpenStreetMap Overpass API
2105343317,Автомойка,55.6711295,37.5287085,OpenStreetMap Overpass API
2109649563,Автомойка,55.7981404,37.6430849,OpenStreetMap Overpass API
2110739169,Автомойка,55.7438905,37.6060107,OpenStreetMap Overpass API
2117421889,Автомойка,55.9028135,37.7037151,OpenStreetMap Overpass API
2120026820,Автомойка,55.8101802,37.6122421,OpenStreetMap Overpass API
2121774375,Автомойка,55.6509192,37.6203457,OpenStreetMap Overpass API
2132730213,Аквасити,55.7128956,37.4218425,OpenStreetMap Overpass API
2141863791,Автомойка,55.7983569,37.5854268,OpenStreetMap Overpass API
2149456369,Автомойка,55.8108816,37.6164746,OpenStreetMap Overpass API
2162410696,Аквасити,55.7344982,37.4884512,OpenStreetMap Overpass API
2169586894,Автомойка,55.781359,37.607678,OpenStreetMap Overpass API
2172194007,Автомойка,55.6547497,37.5441859,OpenStreetMap Overpass API
2176968991,Автомойка,55.8823217,37.4158987,OpenStreetMap Overpass API
2176969009,Автомойка,55.8853704,37.4228464,OpenStreetMap Overpass API
2178123385,Автомойка,55.8043632,37.8000613,OpenStreetMap Overpass API
2181283329,Автомойка,55.7228659,37.7684097,OpenStreetMap Overpass API
2189989182,Автомойка,55.7431797,37.8486189,OpenStreetMap Overpass API
2197121362,Автомойка,55.7998233,37.7944815,OpenStreetMap Overpass API
2223413484,Автомойка,55.7463741,37.86118,OpenStreetMap Overpass API
2237958566,Kolesoff,55.6143756,37.7567355,OpenStreetMap Overpass API
2260697822,Автомойка,55.7718598,37.6482899,OpenStreetMap Overpass API
2267984484,Автомойка,55.6906525,37.3046626,OpenStreetMap Overpass API
2272467810,Автомойка,55.5750697,37.6051285,OpenStreetMap Overpass API
2272553016,Автомойка,55.7814041,37.8582621,OpenStreetMap Overpass API
2272561735,Автомойка,55.641044,37.8237048,OpenStreetMap Overpass API
2272562216,Автомойка,55.6444052,37.8212465,OpenStreetMap Overpass API
2274022881,Мойка F1rst,55.5917794,37.7485412,OpenStreetMap Overpass API
2300707732,Автомойка,55.6607088,37.5179192,OpenStreetMap Overpass API
2302820442,Автомойка,55.768405,37.8649987,OpenStreetMap Overpass API
2315338196,Автомойка,55.5528352,37.6925523,OpenStreetMap Overpass API
2315338197,Автомойка,55.5514333,37.6835776,OpenStreetMap Overpass API
2322027916,Автомойка,55.6660979,37.8799714,OpenStreetMap Overpass API
2328104817,Детали,55.6232445,37.6739041,OpenStreetMap Overpass API
2329784381,Автомойка,55.7497216,37.8480302,OpenStreetMap Overpass API
2343008715,Автомойка,55.8254095,37.5934316,OpenStreetMap Overpass API
2348527199,Автомойка,55.8006721,37.6953553,OpenStreetMap Overpass API
2351958928,Автомойка,55.6108148,37.5785581,OpenStreetMap Overpass API
2360981831,Автомойка,55.6571056,37.5349543,OpenStreetMap Overpass API
2362919170,Автомойка,55.678076,37.4822273,OpenStreetMap Overpass API
2364169867,Автомойка,55.7403434,37.9686116,OpenStreetMap Overpass API
2382043524,Автомойка,55.6617823,37.2885075,OpenStreetMap Overpass API
2402497700,Автомойка,55.6595555,37.86222,OpenStreetMap Overpass API
2402512683,Автомойка,55.6529732,37.8514537,OpenStreetMap Overpass API
2402527414,Автомойка,55.6384942,37.8384181,OpenStreetMap Overpass API
2411796434,Автомойка,55.8064275,37.8413182,OpenStreetMap Overpass API
2412707764,Автомойка,55.7096669,37.8032667,OpenStreetMap Overpass API
2413780820,Помой Сам 24,55.7509452,37.9392135,OpenStreetMap Overpass API
2416320017,Автомойка,55.9618098,37.5094885,OpenStreetMap Overpass API
2420208420,"""Баzа""",55.8317582,37.9498726,OpenStreetMap Overpass API
2425961930,Автомойка,55.9187243,37.70887,OpenStreetMap Overpass API
2432488529,Автомойка,55.719862,37.6482247,OpenStreetMap Overpass API
2437408272,Автомойка,55.6261078,37.62167,OpenStreetMap Overpass API
2437408276,Автомойка,55.6262171,37.6217244,OpenStreetMap Overpass API
2439078917,Автомойка,55.667671,37.8767335,OpenStreetMap Overpass API
2458100666,Автомойка,55.8036463,37.8355306,OpenStreetMap Overpass API
2471170828,Автомойка,55.6942723,37.756239,OpenStreetMap Overpass API
2483711710,Автомойка,55.8116833,37.3141562,OpenStreetMap Overpass API
2494876922,Автомойка,55.6600803,37.4145762,OpenStreetMap Overpass API
2504936341,Автомойка,55.6669929,37.5848085,OpenStreetMap Overpass API
2505772368,Автомойка,55.6615239,37.3013914,OpenStreetMap Overpass API
2515453018,Автомойка,55.7860391,37.866277,OpenStreetMap Overpass API
2524209448,Автомойка,55.7204068,37.4068124,OpenStreetMap Overpass API
2527853310,Автомойка,55.663878,37.4362246,OpenStreetMap Overpass API
2553834369,Автомойка,55.683409,37.8760897,OpenStreetMap Overpass API
2608375672,Автомойка,55.7655863,37.8845555,OpenStreetMap Overpass API
2615381964,У Карена,55.6080543,37.5928179,OpenStreetMap Overpass API
2620429598,Автомойка,55.7455147,37.8226194,OpenStreetMap Overpass API
2624666173,Автомойка,55.6968094,37.9734224,OpenStreetMap Overpass API
2628885633,Автомойка 24,55.7796141,37.9074166,OpenStreetMap Overpass API
2631319902,Автомойка,55.6658165,38.0304435,OpenStreetMap Overpass API
2632182880,Автомойка,55.6224478,38.0354346,OpenStreetMap Overpass API
2632194446,Автомойка,55.6172328,38.0323671,OpenStreetMap Overpass API
2638799756,Astrawash,55.5046851,37.9541007,OpenStreetMap Overpass API
2638808238,Автомойка,55.503202,37.9536253,OpenStreetMap Overpass API
2638817389,Автомойка,55.5017012,37.9497361,OpenStreetMap Overpass API
2639566197,Автомойка,55.5563977,37.8787056,OpenStreetMap Overpass API
2641885400,Автомойка,55.5333789,37.8127956,OpenStreetMap Overpass API
2642699662,Автомойка,55.9466917,37.9546201,OpenStreetMap Overpass API
2643394705,Автомойка,55.9709876,37.9269651,OpenStreetMap Overpass API
2644361282,Венера,55.8277586,37.308078,OpenStreetMap Overpass API
2649571347,Автомойка,55.8503079,37.4428683,OpenStreetMap Overpass API
2696314580,Автомойка,55.9077028,38.047917,OpenStreetMap Overpass API
2696666938,Автомойка,55.5624312,37.643019,OpenStreetMap Overpass API
2717509461,Автомойка,55.9106272,37.767229,OpenStreetMap Overpass API
2721099226,Автомойка,55.8097279,37.9477186,OpenStreetMap Overpass API
2730675510,Автомойка,55.8748102,37.5582768,OpenStreetMap Overpass API
2747738326,Автомойка,55.6625673,37.5515507,OpenStreetMap Overpass API
2751466413,Автомойка,55.6394516,37.9394382,OpenStreetMap Overpass API
2751528320,Автомойка,55.6572049,37.9188657,OpenStreetMap Overpass API
2751546166,Автомойка,55.638351,37.9372737,OpenStreetMap Overpass API
2751578498,Автомойка,55.6345759,37.3589479,OpenStreetMap Overpass API
2754051025,Автомойка,55.9283713,37.9554422,OpenStreetMap Overpass API
2784031425,Автомойка,55.7110091,37.8760474,OpenStreetMap Overpass API
2784082486,Автомойка,55.6710677,37.9444143,OpenStreetMap Overpass API
2796494359,Автомойка,55.7269245,37.5502659,OpenStreetMap Overpass API
2803008834,Автомойка,55.7164021,37.6008764,OpenStreetMap Overpass API
2806496759,Автомойка,55.6268549,38.0007313,OpenStreetMap Overpass API
2824315047,Автомойка,55.7049179,37.5889714,OpenStreetMap Overpass API
2828405722,Автомойка,55.5704991,37.5608272,OpenStreetMap Overpass API
2853577374,Автомойка,55.622321,37.8430492,OpenStreetMap Overpass API
2875227836,Автомойка,55.9243014,37.8272287,OpenStreetMap Overpass API
2889146036,Автомойка,55.7538314,37.8741423,OpenStreetMap Overpass API
2891244008,Городская мойка,55.8429077,37.3747214,OpenStreetMap Overpass API
2895646832,Автомойка,55.7200174,37.743536,OpenStreetMap Overpass API
2900277198,Автомойка,55.6661926,37.7402302,OpenStreetMap Overpass API
2901625573,Грейтек,55.718158,37.8966737,OpenStreetMap Overpass API
2923941201,Автомойка,55.766431,37.5832896,OpenStreetMap Overpass API
2926006860,Автомойка,55.9034166,37.8506073,OpenStreetMap Overpass API
2933473454,Автомойка,55.6319111,37.9719799,OpenStreetMap Overpass API
2941165973,Автомойка,55.7264433,37.4412369,OpenStreetMap Overpass API
2942890946,Автомойка,55.5050274,37.5730964,OpenStreetMap Overpass API
2953233412,Автомойка,55.7115774,37.5926789,OpenStreetMap Overpass API
2955712370,Автомойка,55.7137756,37.6700057,OpenStreetMap Overpass API
2960001334,Автомойка,55.631146,37.6600616,OpenStreetMap Overpass API
2961128598,Автомойка,55.6311223,37.9777041,OpenStreetMap Overpass API
2977895575,Милена 24,55.9459239,37.5400353,OpenStreetMap Overpass API
2981655273,Автомойка,55.7618351,37.877205,OpenStreetMap Overpass API
2984163188,Автомойка,55.6730483,37.8615761,OpenStreetMap Overpass API
2985557142,Автомойка,55.9656864,37.5327969,OpenStreetMap Overpass API
2992113702,Автомойка,55.734335,37.5436126,OpenStreetMap Overpass API
2993814082,Портал,55.9105694,37.4062646,OpenStreetMap Overpass API
3002117412,Автомойка,55.8247683,37.516911,OpenStreetMap Overpass API
3003747241,Автомойка,55.7525629,37.4557804,OpenStreetMap Overpass API
3022812470,Автомойка,55.8005015,37.388573,OpenStreetMap Overpass API
3029802284,Автомойка,55.801439,37.6046509,OpenStreetMap Overpass API
3035475828,Автомойка,55.9249095,37.7909825,OpenStreetMap Overpass API
3037014433,Автомойка,55.6783952,37.6341517,OpenStreetMap Overpass API
3037886035,Автомойка,55.8183292,37.7779652,OpenStreetMap Overpass API
3041838014,Автомойка,55.9195374,37.7819686,OpenStreetMap Overpass API
3050695733,Автомойка,55.6302892,37.6730229,OpenStreetMap Overpass API
3062881256,Автомойка,55.6531659,37.5061211,OpenStreetMap Overpass API
3085861401,Автомойка,55.7062205,37.7301116,OpenStreetMap Overpass API
3099987674,Автомойка,55.7506067,38.0416762,OpenStreetMap Overpass API
3099987675,Самомой,55.7497715,38.0423247,OpenStreetMap Overpass API
3099987700,Автомойка,55.7265342,38.0317457,OpenStreetMap Overpass API
3112444405,Автомойка,55.8781404,37.5876923,OpenStreetMap Overpass API
3116313310,Румянцево,55.6358842,37.438089,OpenStreetMap Overpass API
3121313176,Автомойка,55.6619517,37.9612919,OpenStreetMap Overpass API
3123158855,МойЧист,55.7065747,37.6108547,OpenStreetMap Overpass API
3125472151,Автомойка,55.7374807,37.7564424,OpenStreetMap Overpass API
3127239265,Чистый город,55.8118469,37.6519245,OpenStreetMap Overpass API
3138790281,Автомойка,55.794233,37.9273963,OpenStreetMap Overpass API
3142091932,Автомойка,55.7880116,37.8813764,OpenStreetMap Overpass API
3143425498,Автомойка,55.7283052,37.6499004,OpenStreetMap Overpass API
3146940929,Автомойка,55.6845327,37.6635607,OpenStreetMap Overpass API
3148704972,Автомойка,55.7926075,37.8961619,OpenStreetMap Overpass API
3165335223,Автомойка,55.5524484,37.5605222,OpenStreetMap Overpass API
3174529115,Автомойка,55.7956632,37.8034385,OpenStreetMap Overpass API
3175424533,Самомой,55.6873116,37.8925671,OpenStreetMap Overpass API
3176396224,Автомойка,55.6983943,37.6156961,OpenStreetMap Overpass API
3181156177,Автомойка,55.6194499,37.4553988,OpenStreetMap Overpass API
3184573249,Автомойка,55.6538564,37.7347846,OpenStreetMap Overpass API
3188965173,Автомойка,55.7194843,37.777262,OpenStreetMap Overpass API
3196431164,Автомойка,55.69853,37.5795747,OpenStreetMap Overpass API
3209480810,Автомойка,55.8872357,37.4330475,OpenStreetMap Overpass API
3221829252,Автомойка,55.857206,37.546262,OpenStreetMap Overpass API
3221839963,Автомойка,55.8589907,37.5462089,OpenStreetMap Overpass API
3221859396,Автомойка,55.8641331,37.5438912,OpenStreetMap Overpass API
3244943309,Автомойка,55.7519639,37.8883807,OpenStreetMap Overpass API
3259846908,Автомойка,55.767698,37.3711712,OpenStreetMap Overpass API
3274216879,Автомойка,55.7405643,37.8651234,OpenStreetMap Overpass API
3287833534,Автомойка,55.746904,37.8059385,OpenStreetMap Overpass API
3312256863,Автомойка,55.6116438,37.6612167,OpenStreetMap Overpass API
3332236072,Автомойка,55.7003832,37.7523507,OpenStreetMap Overpass API
3344442168,Автомойка,55.8613297,37.3438614,OpenStreetMap Overpass API
3350322793,Мойбери,55.7860382,37.8796643,OpenStreetMap Overpass API
3350339793,Автомойка,55.8277522,37.9744256,OpenStreetMap Overpass API
3372826330,Автомойка,55.7570414,37.8529729,OpenStreetMap Overpass API
3374441190,Автомойка,55.9277519,37.9301543,OpenStreetMap Overpass API
3385998818,Автомойка,55.7101721,37.6364027,OpenStreetMap Overpass API
3390007302,Автомойка,55.7177967,37.8363261,OpenStreetMap Overpass API
3390013142,Автомойка,55.7080834,37.8879904,OpenStreetMap Overpass API
3390013144,Автомойка,55.7078175,37.8875505,OpenStreetMap Overpass API
3391256659,Автомойка,55.9256154,37.3969147,OpenStreetMap Overpass API
3391256663,Автомойка,55.9455783,37.4112047,OpenStreetMap Overpass API
3392396703,Автомойка,55.8951798,37.4268814,OpenStreetMap Overpass API
3398349996,Автомойка,55.769309,37.822012,OpenStreetMap Overpass API
3398382552,Автомойка,55.7546471,37.7521314,OpenStreetMap Overpass API
3399587882,Мой сам,55.7828497,37.7002132,OpenStreetMap Overpass API
3400658252,Автомойка,55.8285039,37.4120498,OpenStreetMap Overpass API
3402198931,Автомойка,55.6452856,37.952201,OpenStreetMap Overpass API
3404410032,Автомойка,55.5233348,37.4484708,OpenStreetMap Overpass API
3405223719,Автомойка,55.9066846,37.5755539,OpenStreetMap Overpass API
3446958968,Автомойка,55.7510086,37.924508,OpenStreetMap Overpass API
3446983357,Автомойка,55.7409924,37.9688792,OpenStreetMap Overpass API
3465817931,Автомойка,55.7419698,37.8076258,OpenStreetMap Overpass API
3469330597,Car City,55.707156,37.8536274,OpenStreetMap Overpass API
3483846289,Автомойка,55.8365585,37.2625185,OpenStreetMap Overpass API
3492354296,Автомойка,55.8092596,37.3443362,OpenStreetMap Overpass API
3500609483,Автомойка,55.6445,37.5802364,OpenStreetMap Overpass API
3508485989,Мойка №1,55.833054,37.2790359,OpenStreetMap Overpass API
3508789054,Автомойка,55.5017411,37.572193,OpenStreetMap Overpass API
3513622736,Автомойка,55.826473,37.3648224,OpenStreetMap Overpass API
3519811748,Автомойка,55.8451043,37.2512524,OpenStreetMap Overpass API
3519882433,Автомойка,55.7023562,37.5920889,OpenStreetMap Overpass API
3522693148,Автомойка,55.8768467,37.4308448,OpenStreetMap Overpass API
3527163026,Автомойка,55.8292623,37.2807226,OpenStreetMap Overpass API
3527788933,Автомойка,55.7704129,37.6702519,OpenStreetMap Overpass API
3541808166,Грейтек,55.8087252,37.6109536,OpenStreetMap Overpass API
3566892068,Автомойка,55.7526027,38.0012636,OpenStreetMap Overpass API
3569939754,Автомойка,55.8425943,37.4961718,OpenStreetMap Overpass API
3594069057,Автомойка,55.6739839,37.9069733,OpenStreetMap Overpass API
3594069058,Автомойка,55.6709238,37.9116386,OpenStreetMap Overpass API
3629445814,Автомойка,55.7669829,37.4036728,OpenStreetMap Overpass API
3629445815,Автомойка,55.7610105,37.4182759,OpenStreetMap Overpass API
3648646836,Автомойка,55.8013181,37.6967952,OpenStreetMap Overpass API
3657478713,Автомойка,55.557727,37.434741,OpenStreetMap Overpass API
3659410010,Автомойка,55.9422334,37.2791619,OpenStreetMap Overpass API
3663315727,Автомойка,55.7453145,37.8470518,OpenStreetMap Overpass API
3664221158,PIT STOP,55.6969929,37.7455973,OpenStreetMap Overpass API
3689896212,Автомойка,55.8962354,37.5177951,OpenStreetMap Overpass API
3696670074,Автомойка,55.6150787,37.585641,OpenStreetMap Overpass API
3701000075,Автомойка,55.6871269,37.8889976,OpenStreetMap Overpass API
3703202701,Автомойка,55.9002378,37.3994545,OpenStreetMap Overpass API
3703202702,Автомойка,55.9024309,37.38458,OpenStreetMap Overpass API
3709667914,Автомойка,55.5704624,37.4772496,OpenStreetMap Overpass API
3711624149,Автомойка,55.7530612,37.5764604,OpenStreetMap Overpass API
3723971236,Точка детейлинга,55.8415889,37.3702556,OpenStreetMap Overpass API
3729511637,Автомойка,55.7466691,38.020358,OpenStreetMap Overpass API
3735918760,Автомойка,55.9624835,37.9317796,OpenStreetMap Overpass API
3741847184,Автомойка,55.6960387,37.5472966,OpenStreetMap Overpass API
3743887345,Автомойка,55.6853513,37.8755511,OpenStreetMap Overpass API
3745335837,Автомойка,55.8346019,37.3480497,OpenStreetMap Overpass API
3749088201,Автомойка,55.8264256,37.5733393,OpenStreetMap Overpass API
3756478495,Автомойка,55.8334643,37.347506,OpenStreetMap Overpass API
3756479467,Автомойка,55.8338578,37.35018,OpenStreetMap Overpass API
3767372765,Автомойка,55.740044,37.6798804,OpenStreetMap Overpass API
3777097117,AquaCars,55.8049436,37.9094035,OpenStreetMap Overpass API
3777334710,Автомойка,55.5739192,37.6183106,OpenStreetMap Overpass API
3790115357,Автомойка,55.64378,37.4743282,OpenStreetMap Overpass API
3790214555,Автомойка,55.6692481,37.8958627,OpenStreetMap Overpass API
3793488813,Robox,55.8353642,37.389117,OpenStreetMap Overpass API
3826833884,Автомойка,55.6770008,37.5708254,OpenStreetMap Overpass API
3826833905,Автомойка,55.8298987,37.4118607,OpenStreetMap Overpass API
3836310395,Автотехцентр ЕВРОАЗИЯ,55.7666172,37.4036914,OpenStreetMap Overpass API
3838110988,Автомойка,55.8239234,37.6568518,OpenStreetMap Overpass API
3848688883,Автомойка,55.5655371,37.6039971,OpenStreetMap Overpass API
3869106289,Автомойка,55.6503052,37.8376289,OpenStreetMap Overpass API
3874710621,Автомойка,55.6709549,37.5698752,OpenStreetMap Overpass API
3880785778,Автомойка,55.6311725,37.9803889,OpenStreetMap Overpass API
3881738281,Автомойка,55.7507797,37.788326,OpenStreetMap Overpass API
3895838953,Автомойка,55.8305612,37.3019392,OpenStreetMap Overpass API
3921317513,Автомойка,55.6701738,38.0000049,OpenStreetMap Overpass API
3924230489,Наномойка,55.5835707,38.0126425,OpenStreetMap Overpass API
3933712002,АвтоСПА,55.7042955,37.5954394,OpenStreetMap Overpass API
3938016769,Автомойка,55.6040714,37.9798738,OpenStreetMap Overpass API
3938019862,Автомойка,55.6504836,37.908421,OpenStreetMap Overpass API
3948878743,Мойка самообслуживания,55.6497924,37.9322558,OpenStreetMap Overpass API
3955338771,Автомойка,55.7827008,37.5939816,OpenStreetMap Overpass API
3964958428,Автомойка,55.9568602,37.53591,OpenStreetMap Overpass API
3973285063,ВДВ-консалтинг,55.7701906,37.5035007,OpenStreetMap Overpass API
3978289008,Автомойка,55.7323394,37.5645256,OpenStreetMap Overpass API
3982273519,Тур Авиа,55.8804091,37.6941933,OpenStreetMap Overpass API
4025170365,Wash YourSelf,55.945968,37.4097956,OpenStreetMap Overpass API
4031980388,Bubbles,55.6240776,37.7068955,OpenStreetMap Overpass API
4033325460,Автомойка,55.7435883,37.8103926,OpenStreetMap Overpass API
4046613199,Автомойка,55.7792108,37.6285912,OpenStreetMap Overpass API
4046613200,Автомойка,55.7867054,37.6172748,OpenStreetMap Overpass API
4071223289,Автомойка,55.8061454,37.5436284,OpenStreetMap Overpass API
4075415777,Автомойка,55.8237113,37.4484793,OpenStreetMap Overpass API
4078322450,Bosch Service,55.8144211,37.7850824,OpenStreetMap Overpass API
4081207290,Автомойка,55.8229644,37.6230688,OpenStreetMap Overpass API
4083494560,Автомойка,55.7442492,37.9476441,OpenStreetMap Overpass API
4083730389,Автомойка,55.7788467,37.5863776,OpenStreetMap Overpass API
4084489109,Автомойка,55.7985163,37.613851,OpenStreetMap Overpass API
4084503389,Автомойка,55.7978953,37.6021486,OpenStreetMap Overpass API
4085627996,Автомойка,55.8974768,37.9798907,OpenStreetMap Overpass API
4088704589,Star line,55.820498,37.6198127,OpenStreetMap Overpass API
4088811183,Автомойка,55.8051752,37.7108498,OpenStreetMap Overpass API
4092304630,Автомойка,55.8851956,37.9404846,OpenStreetMap Overpass API
4095708174,Автомойка,55.5493527,37.5399973,OpenStreetMap Overpass API
4097356129,Автомойка,55.4877079,37.9773176,OpenStreetMap Overpass API
4105178791,Автомойка,55.7502885,37.6651548,OpenStreetMap Overpass API
4108023702,Автомойка,55.667609,37.4571457,OpenStreetMap Overpass API
4108127491,Автомойка,55.6635736,37.4639545,OpenStreetMap Overpass API
4109323991,Автомойка,55.6847885,37.4794471,OpenStreetMap Overpass API
4109636221,Моя автомойка,55.8034303,37.5273519,OpenStreetMap Overpass API
4118188249,Мой!Автомобиль™,55.6846835,37.8396499,OpenStreetMap Overpass API
4124479578,Автомойка,55.8575077,37.506049,OpenStreetMap Overpass API
4124617197,Автомойка,55.8570646,37.4947195,OpenStreetMap Overpass API
4124617244,Автомойка,55.8559308,37.4946941,OpenStreetMap Overpass API
4125184089,Автомойка,55.535775,37.5157508,OpenStreetMap Overpass API
4126236582,Автомойка,55.8614522,37.398106,OpenStreetMap Overpass API
4129768889,Автомойка,55.8209825,37.6184812,OpenStreetMap Overpass API
4134867748,Best Car Wash,55.7502033,37.5027896,OpenStreetMap Overpass API
4137283470,Totem night,55.6899651,37.5983883,OpenStreetMap Overpass API
4139627817,Автомойка,55.7222065,37.4518652,OpenStreetMap Overpass API
4140103903,Автомойка,55.7651494,37.3647835,OpenStreetMap Overpass API
4140387104,Автомойка,55.6881478,37.8815845,OpenStreetMap Overpass API
4144225489,Аква,55.6622486,37.9621584,OpenStreetMap Overpass API
4144870395,Автомойка,55.751331,38.0201815,OpenStreetMap Overpass API
4153841243,Автомойка,55.8150295,37.3670433,OpenStreetMap Overpass API
4156620533,МойCaR,55.9413523,37.5072075,OpenStreetMap Overpass API
4166350190,Автомойка,55.6861068,37.5116051,OpenStreetMap Overpass API
4169236634,Автомойка,55.6994206,37.7983257,OpenStreetMap Overpass API
4169236637,Автомойка,55.69777,37.8044304,OpenStreetMap Overpass API
4169248767,Автомойка,55.7051564,37.8285971,OpenStreetMap Overpass API
4176374217,Автомойка 24,55.7973558,37.9644856,OpenStreetMap Overpass API
4176493985,Автомойка,55.831872,37.2910066,OpenStreetMap Overpass API
4183810190,Автомойка,55.64701,37.5132731,OpenStreetMap Overpass API
4183811154,Автомойка,55.8631408,37.4659075,OpenStreetMap Overpass API
4187282452,Автомойка,55.7513346,37.8909847,OpenStreetMap Overpass API
4200221048,Автомойка,55.7868794,37.4824499,OpenStreetMap Overpass API
4202881703,Автомойка,55.6701169,37.4691209,OpenStreetMap Overpass API
4206377793,H2O,55.6794607,37.3865392,OpenStreetMap Overpass API
4209325422,Автомойка,55.8666472,37.5524631,OpenStreetMap Overpass API
4209628794,Эко,55.4843145,37.2698032,OpenStreetMap Overpass API
4212858892,Автомойка,55.8264814,37.8347394,OpenStreetMap Overpass API
4218378290,Аква-Вест,55.7276723,37.4200517,OpenStreetMap Overpass API
4220084093,Автомойка,55.7042533,37.9228541,OpenStreetMap Overpass API
4223889834,Автомойка,55.7863524,37.5840998,OpenStreetMap Overpass API
4225380892,Доминика-тур свк,55.577204,37.5690555,OpenStreetMap Overpass API
4227399925,Автомойка,55.6118479,37.7316816,OpenStreetMap Overpass API
4227407492,Автомойка,55.6010209,37.7362789,OpenStreetMap Overpass API
4227407790,Автомойка,55.5991085,37.7382584,OpenStreetMap Overpass API
4231530141,Автомойка,55.8685187,37.5491094,OpenStreetMap Overpass API
4232906991,Ehrle,55.9066663,37.7382264,OpenStreetMap Overpass API
4235065501,Автомойка,55.832714,37.4929861,OpenStreetMap Overpass API
4235451301,Автомойка,55.7233512,37.690528,OpenStreetMap Overpass API
4239744689,Автомойка,55.7367887,37.5974246,OpenStreetMap Overpass API
4248882890,Автомойка,55.7503366,37.9840679,OpenStreetMap Overpass API
4252081589,Автомойка,55.6679609,37.575952,OpenStreetMap Overpass API
4252687292,Автомойка,55.9244681,37.7176234,OpenStreetMap Overpass API
4253299007,Автомойка,55.9411418,37.8118365,OpenStreetMap Overpass API
4253802892,Самообслуживание,55.6742013,37.7910039,OpenStreetMap Overpass API
4254724990,Автомойка,55.6775061,37.442767,OpenStreetMap Overpass API
4254745489,Автомойка,55.679203,37.4453531,OpenStreetMap Overpass API
4260083709,Автомойка,55.7537048,37.7676358,OpenStreetMap Overpass API
4260190389,Автомойка,55.890062,37.6236892,OpenStreetMap Overpass API
4262547790,Автомойка,55.5127646,37.5755244,OpenStreetMap Overpass API
4262666609,Selfie,55.7498423,37.8859241,OpenStreetMap Overpass API
4268844878,Автомойка,55.8635223,37.554689,OpenStreetMap Overpass API
4272159190,Автомойка,55.7083322,37.7976907,OpenStreetMap Overpass API
4273130993,Fit Service,55.5963461,37.353815,OpenStreetMap Overpass API
4280016270,Автомойка,55.8380074,37.3001747,OpenStreetMap Overpass API
4286216590,Автомойка,55.7617431,37.4062217,OpenStreetMap Overpass API
4289539693,Портал,55.850332,37.3651546,OpenStreetMap Overpass API
4298793593,Автомойка,55.8112347,37.6436045,OpenStreetMap Overpass API
4300098289,Аквамарин,55.594532,37.6154587,OpenStreetMap Overpass API
4300670089,Автомойка,55.8800687,37.6939502,OpenStreetMap Overpass API
4301269202,Автомойка,55.9313432,37.8143811,OpenStreetMap Overpass API
4315583992,Автомойка,55.8788083,37.7079931,OpenStreetMap Overpass API
4316280995,Автомойка,55.953373,37.4877536,OpenStreetMap Overpass API
4321161589,Автомойка,55.637647,37.3379624,OpenStreetMap Overpass API
4322114589,Ehrle,55.9709304,37.7434716,OpenStreetMap Overpass API
4325369689,Автомойка,55.5720233,37.6001679,OpenStreetMap Overpass API
4330028195,Автомойка,55.6592084,37.4035634,OpenStreetMap Overpass API
4330037689,Автомойка,55.6583377,37.3993784,OpenStreetMap Overpass API
4337589294,Автомойка,55.5416276,37.719769,OpenStreetMap Overpass API
4350083129,Твои колеса,55.8508275,37.3421002,OpenStreetMap Overpass API
4351418690,Автомойка,55.7185206,37.6928412,OpenStreetMap Overpass API
4352409164,Автомойка,55.7132456,37.619715,OpenStreetMap Overpass API
4362007090,Автомойка,55.6035451,37.7220615,OpenStreetMap Overpass API
4364906325,Автомойка,55.7114875,37.6963101,OpenStreetMap Overpass API
4368540727,Автомойка,55.6261692,37.7512051,OpenStreetMap Overpass API
4371098796,Avtoblesk,55.8167071,37.6553659,OpenStreetMap Overpass API
4373768889,Автомойка,55.6454302,37.7549826,OpenStreetMap Overpass API
4390475489,Автомойка,55.6878814,37.8927772,OpenStreetMap Overpass API
4393359090,Konev,55.6798385,37.5466646,OpenStreetMap Overpass API
4395018893,Автомойка,55.816202,37.7231417,OpenStreetMap Overpass API
4402914772,Автомойка,55.6785902,37.8608716,OpenStreetMap Overpass API
4410407920,Автомойка,55.7102422,37.6709692,OpenStreetMap Overpass API
4410464353,Автомойка,55.7121873,37.6797871,OpenStreetMap Overpass API
4413192134,Автомойка,55.7933118,37.9255309,OpenStreetMap Overpass API
4413991997,Автомойка,55.6643507,37.5766686,OpenStreetMap Overpass API
4415473590,Автомойка,55.7984659,37.8024613,OpenStreetMap Overpass API
4423782288,Автомойка,55.889524,37.5442522,OpenStreetMap Overpass API
4424380689,Автомойка,55.5823002,37.7069095,OpenStreetMap Overpass API
4424380757,Автомойка,55.5850737,37.7399673,OpenStreetMap Overpass API
4426435790,Cleancity 24,55.6525843,37.8502581,OpenStreetMap Overpass API
4444310889,Автомойка,55.7833988,37.6159212,OpenStreetMap Overpass API
4455354399,Автомойка,55.8535242,37.5655,OpenStreetMap Overpass API
4456724769,Автомойка,55.8519129,37.3898934,OpenStreetMap Overpass API
4458339090,Автомойка,55.7999725,37.5924994,OpenStreetMap Overpass API
4459167811,Мойка Шиномонтаж,55.8582187,37.6456791,OpenStreetMap Overpass API
4461049942,Автомойка,55.6499936,37.932274,OpenStreetMap Overpass API
4462277893,Автомойка,55.8524992,37.4950021,OpenStreetMap Overpass API
4465281763,Автобаня,55.8415673,37.4336983,OpenStreetMap Overpass API
4468596776,Автомойка,55.8507947,37.4465711,OpenStreetMap Overpass API
4472258595,Sm24,55.662992,37.56585,OpenStreetMap Overpass API
4473390251,Автомойка,55.7980839,37.699555,OpenStreetMap Overpass API
4480020935,KomplexCar,55.7556918,37.858397,OpenStreetMap Overpass API
4482688333,Автомойка,55.6873795,37.8653201,OpenStreetMap Overpass API
4484182737,Автомойка,55.9121673,37.5703925,OpenStreetMap Overpass API
4484469079,Автомойка,55.8421944,37.4237512,OpenStreetMap Overpass API
4489344394,KochWash-Prestige,55.8103838,37.5141058,OpenStreetMap Overpass API
4490766895,Автомойка,55.8294414,37.6474991,OpenStreetMap Overpass API
4494419190,Sonax,55.7270052,37.4805513,OpenStreetMap Overpass API
4500262908,Автомойка,55.739539,37.6140272,OpenStreetMap Overpass API
4501093720,Автомойка,55.8491844,37.565661,OpenStreetMap Overpass API
4504736791,Автомойка,55.9060683,37.4501375,OpenStreetMap Overpass API
4507744290,Автомойка,55.6722137,37.6071974,OpenStreetMap Overpass API
4508696292,Автомойка,55.8887056,37.6575863,OpenStreetMap Overpass API
4513926591,Fresh Car,55.7054639,37.5102482,OpenStreetMap Overpass API
4519022766,Автомойка,55.8498204,37.5253835,OpenStreetMap Overpass API
4530446465,Автомойка,55.8770081,37.554747,OpenStreetMap Overpass API
4541064091,Автомойка,55.6607227,37.5633282,OpenStreetMap Overpass API
4555865792,Примавера,55.6649194,37.6134325,OpenStreetMap Overpass API
4557393195,Автомойка,55.7091974,37.6669146,OpenStreetMap Overpass API
4569352369,Автомойка,55.6822811,37.6328326,OpenStreetMap Overpass API
4569352370,Автомойка,55.6825962,37.6316577,OpenStreetMap Overpass API
4580319793,Янтарный блеск,55.8024467,37.4121603,OpenStreetMap Overpass API
4585524820,Автомойка,55.7257257,37.8263662,OpenStreetMap Overpass API
4590960729,Автомойка,55.8195331,37.3462844,OpenStreetMap Overpass API
4597096358,Автомойка,55.9400826,37.3052345,OpenStreetMap Overpass API
4601796590,Автомойка,55.7276349,37.4490431,OpenStreetMap Overpass API
4602111395,Автомойка,55.9253123,37.7479558,OpenStreetMap Overpass API
4602115790,Автомойка,55.9028334,37.7031082,OpenStreetMap Overpass API
4608331589,Автомойка,55.8996176,37.7093062,OpenStreetMap Overpass API
4613043453,Автомойка,55.8041494,37.2949677,OpenStreetMap Overpass API
4613043601,Автомойка,55.8043585,37.3234937,OpenStreetMap Overpass API
4618779531,Автомойка,55.6543539,37.3995405,OpenStreetMap Overpass API
4625880631,Автомойка,55.7428148,37.8620276,OpenStreetMap Overpass API
4632424948,Автомойка,55.745847,37.6828217,OpenStreetMap Overpass API
4636033096,Автомойка,55.8989177,37.4001043,OpenStreetMap Overpass API
4643941639,Автомойка,55.7496598,37.7708158,OpenStreetMap Overpass API
4644364934,Автомойка,55.5088318,37.5500555,OpenStreetMap Overpass API
4648874850,Автомойка,55.750147,37.7722756,OpenStreetMap Overpass API
4649327192,Spa Mobil,55.8853303,37.4084891,OpenStreetMap Overpass API
4650902797,Автомойка,55.506919,37.36854,OpenStreetMap Overpass API
4659823566,Автомойка,55.7671609,37.6512583,OpenStreetMap Overpass API
4665745438,Автомойка,55.888907,37.5959709,OpenStreetMap Overpass API
4674439090,Автомойка,55.7081281,37.8107817,OpenStreetMap Overpass API
4676002363,Автомойка,55.6712221,37.8837672,OpenStreetMap Overpass API
4684924945,АкваСити,55.7398099,37.469361,OpenStreetMap Overpass API
4684924947,Автомойка,55.7395965,37.4673759,OpenStreetMap Overpass API
4685051096,Selfe,55.7051054,37.6894452,OpenStreetMap Overpass API
4692951463,Автомойка,55.9002703,37.5184891,OpenStreetMap Overpass API
4703305028,АвтоSPA,55.7987065,37.2721403,OpenStreetMap Overpass API
4710714663,Автосам,55.913258,37.5437989,OpenStreetMap Overpass API
4717181691,Мегатренд,55.7017364,37.5778113,OpenStreetMap Overpass API
4719652955,Автомойка,55.8911128,37.5231665,OpenStreetMap Overpass API
4721177433,Автомойка,55.7884381,37.3838018,OpenStreetMap Overpass API
4721910418,М1,55.7734704,37.8667813,OpenStreetMap Overpass API
4722843766,Автомойка,55.876391,37.5708648,OpenStreetMap Overpass API
4724564786,Автомойка,55.726026,37.991265,OpenStreetMap Overpass API
4726239659,Автомойка,55.8394743,37.4862255,OpenStreetMap Overpass API
4728576391,Автомойка,55.7180672,37.8070472,OpenStreetMap Overpass API
4728592846,Автомойка,55.7118376,37.7248119,OpenStreetMap Overpass API
4728952171,Автомойка,55.7155855,37.7107599,OpenStreetMap Overpass API
4728953700,Аквасити,55.722361,37.6973753,OpenStreetMap Overpass API
4729046505,ЕКА,55.6637914,37.6145077,OpenStreetMap Overpass API
4734845902,Автомойка,55.7893847,37.9709476,OpenStreetMap Overpass API
4740540122,Автомойка,55.9272596,37.9543858,OpenStreetMap Overpass API
4741788491,Автомойка,55.6621299,37.5824985,OpenStreetMap Overpass API
4742040172,Автомойка,55.6568645,37.9869911,OpenStreetMap Overpass API
4742288879,Автомойка,55.926092,37.5448939,OpenStreetMap Overpass API
4748371628,Автомойка,55.8918711,37.5240344,OpenStreetMap Overpass API
4752653821,Автомойка,55.9004807,37.6313641,OpenStreetMap Overpass API
4753394293,Автомойка,55.7877002,37.9599024,OpenStreetMap Overpass API
4753479452,Автомойка,55.7937689,37.9408663,OpenStreetMap Overpass API
4759439364,Автомойка,55.79705,37.9608223,OpenStreetMap Overpass API
4759692926,Автомойка,55.9043099,37.7329727,OpenStreetMap Overpass API
4777438036,Автомойка,55.8797736,37.4484806,OpenStreetMap Overpass API
4783957975,Мой сам!,55.72174,37.6932139,OpenStreetMap Overpass API
4786512600,Автомойка,55.6151555,37.4900997,OpenStreetMap Overpass API
4787210121,"Детейлинг-центр ""Мегатренд""",55.7022301,37.5767781,OpenStreetMap Overpass API
4789634105,Автомойка,55.6581691,37.6398602,OpenStreetMap Overpass API
4791826421,ZETA,55.7521346,37.9468015,OpenStreetMap Overpass API
4796270232,Автомойка,55.9500152,37.4529883,OpenStreetMap Overpass API
4798522258,Автомойка,55.8891557,37.9266458,OpenStreetMap Overpass API
4800871637,Автомойка,55.718559,37.6151528,OpenStreetMap Overpass API
4809411217,Автомойка,55.8900332,37.5370768,OpenStreetMap Overpass API
4811617709,Автомойка,55.883349,37.5536123,OpenStreetMap Overpass API
4824192625,Золотая рыбка,55.9184629,37.73549,OpenStreetMap Overpass API
4825195621,Автомойка,55.786138,37.4995636,OpenStreetMap Overpass API
4857664934,Автомойка,55.8889426,37.6454231,OpenStreetMap Overpass API
4885406572,Автомойка,55.6306805,37.4735701,OpenStreetMap Overpass API
4885608276,Автомойка,55.7085492,37.6991764,OpenStreetMap Overpass API
4886121889,Автомойка,55.5911533,37.6328757,OpenStreetMap Overpass API
4888321964,Автомойка,55.7713411,37.60554,OpenStreetMap Overpass API
4897349424,Автомойка,55.5179802,37.3252681,OpenStreetMap Overpass API
4909599333,Автомойка,55.8984779,37.5377244,OpenStreetMap Overpass API
4911178131,Автомойка,55.78421,37.7135566,OpenStreetMap Overpass API
4925154028,Автомойка,55.6690098,37.5427406,OpenStreetMap Overpass API
4937713693,Автомойка,55.8001986,37.3069017,OpenStreetMap Overpass API
4937713730,Sofida-Motors,55.8011894,37.3065522,OpenStreetMap Overpass API
4938687884,Легион моторс,55.8612423,37.5820165,OpenStreetMap Overpass API
4941661122,Автомойка,55.8964758,37.3992258,OpenStreetMap Overpass API
4942749615,Автомойка,55.7197477,37.4070628,OpenStreetMap Overpass API
4943429767,Автомойка,55.8046726,37.8331067,OpenStreetMap Overpass API
4949979229,Автомойка,55.6565025,37.8231168,OpenStreetMap Overpass API
4960201761,Автомойка,55.809547,37.5214657,OpenStreetMap Overpass API
4968883364,Автомойка,55.7594493,37.8634483,OpenStreetMap Overpass API
4971883421,Автомойка,55.619474,37.6147974,OpenStreetMap Overpass API
4972248226,Go-Wash! Варшавка,55.6305736,37.617702,OpenStreetMap Overpass API
4972248227,Автомойка,55.6326768,37.6203328,OpenStreetMap Overpass API
4976156004,Автомойка,55.7593959,37.8922188,OpenStreetMap Overpass API
4986237521,Автомойка,55.630908,37.7579993,OpenStreetMap Overpass API
4993601711,Автомойка,55.9158596,37.494459,OpenStreetMap Overpass API
4997384323,Автомойка,55.6780859,37.4365029,OpenStreetMap Overpass API
4997412497,Автомойка,55.701227,37.4347835,OpenStreetMap Overpass API
5003817083,Amo garage,55.640008,37.6830553,OpenStreetMap Overpass API
5019419924,Автомойка,55.6242415,37.6223846,OpenStreetMap Overpass API
5021815586,Автомойка,55.7146322,37.8854054,OpenStreetMap Overpass API
5022351024,Мойбери,55.8235076,37.9519041,OpenStreetMap Overpass API
5023556519,Автомойка,55.6403263,37.6778778,OpenStreetMap Overpass API
5030916524,Автомойка,55.9015496,37.5451304,OpenStreetMap Overpass API
5031707521,Автомойка,55.6861436,37.4623923,OpenStreetMap Overpass API
5055174122,Мойавтосам,55.9399901,37.3647004,OpenStreetMap Overpass API
5062178321,Автомойка,55.8916192,37.5856839,OpenStreetMap Overpass API
5071114550,Мойка сам,55.5058864,37.5760299,OpenStreetMap Overpass API
5085716205,Автомойка,55.7736313,37.6181531,OpenStreetMap Overpass API
5092819167,Автомойка,55.9038101,37.5476271,OpenStreetMap Overpass API
5106990181,Автомойка,55.7383274,37.6946597,OpenStreetMap Overpass API
5107040522,Автомойка,55.7387323,37.6137026,OpenStreetMap Overpass API
5115014621,Автомойка,55.7225006,37.6349445,OpenStreetMap Overpass API
5115115920,Автомойка,55.7448133,37.8473608,OpenStreetMap Overpass API
5117780522,Автомойка,55.6566848,37.9881587,OpenStreetMap Overpass API
5119921729,Автомойка,55.4924696,37.2971678,OpenStreetMap Overpass API
5124199222,Автомойка,55.8874986,37.5853109,OpenStreetMap Overpass API
5137275723,Автомойка,55.6995233,37.4982712,OpenStreetMap Overpass API
5140389230,Auto Star luxe,55.9201373,37.5071338,OpenStreetMap Overpass API
5145652820,Автомойка,55.5465031,37.2956045,OpenStreetMap Overpass API
5148018435,Эстакада,55.6850934,37.8949107,OpenStreetMap Overpass API
5153731123,Автомойка,55.7510941,37.7735859,OpenStreetMap Overpass API
5164476825,Автомойка,55.8161497,37.6866568,OpenStreetMap Overpass API
5164476922,Автомойка,55.8192154,37.6719476,OpenStreetMap Overpass API
5164477221,Автомойка,55.815064,37.6944583,OpenStreetMap Overpass API
5167909921,Автомойка,55.6406468,37.5931939,OpenStreetMap Overpass API
5173736391,Автомойка,55.7979374,37.7157361,OpenStreetMap Overpass API
5175885922,АвтоБлеск,55.5372544,37.5819847,OpenStreetMap Overpass API
5176115422,Автомойка,55.6461157,37.4795903,OpenStreetMap Overpass API
5178235737,Автомойка,55.741964,37.5061011,OpenStreetMap Overpass API
5184523687,Автомойка,55.7287248,38.016027,OpenStreetMap Overpass API
5184523688,Автомойка,55.7290475,38.0277459,OpenStreetMap Overpass API
5186209121,Автомойка,55.7854665,37.7195553,OpenStreetMap Overpass API
5209971115,Автомойка,55.7580802,37.7331292,OpenStreetMap Overpass API
5218816936,Автомойка,55.7356521,37.5974629,OpenStreetMap Overpass API
5220416541,Автомойка,55.79609,37.9875322,OpenStreetMap Overpass API
5220456704,Автомойка,55.8332609,37.9329621,OpenStreetMap Overpass API
5223420773,АвтоСпа,55.8155039,37.355192,OpenStreetMap Overpass API
5233132334,Автомойка,55.7757599,37.5707424,OpenStreetMap Overpass API
5238219625,Портал,55.8041914,37.6168349,OpenStreetMap Overpass API
5239766507,Топ-мойка,55.8103615,37.4686723,OpenStreetMap Overpass API
5242376065,Автомойка,55.56177,37.8415265,OpenStreetMap Overpass API
5243099044,АвтоSpa,55.8000764,37.2767991,OpenStreetMap Overpass API
5247522095,Автомойка,55.721654,37.7722836,OpenStreetMap Overpass API
5251932825,Автомойка,55.8109799,37.4765824,OpenStreetMap Overpass API
5262124521,Роботмой,55.7610201,37.9260973,OpenStreetMap Overpass API
5264559238,Мой сам,55.9373109,37.4928926,OpenStreetMap Overpass API
5289396021,Автомойка,55.7249253,37.674982,OpenStreetMap Overpass API
5293700026,Добро для авто,55.6604365,37.5182703,OpenStreetMap Overpass API
5295994024,Автомойка,55.7911324,37.5370801,OpenStreetMap Overpass API
5305857525,Автомойка,55.7914715,37.6038676,OpenStreetMap Overpass API
5309568513,Автомойка,55.6096058,37.6288649,OpenStreetMap Overpass API
5309814521,Автомойка,55.9274756,37.4935484,OpenStreetMap Overpass API
5309971798,Автомойка,55.9184253,37.4947393,OpenStreetMap Overpass API
5327946019,Самообслуживание,55.7517743,38.0017107,OpenStreetMap Overpass API
5343378122,Автомойка,55.5093025,37.7765691,OpenStreetMap Overpass API
5348541522,Автомойка,55.8919963,37.4840997,OpenStreetMap Overpass API
5352571518,Автомойка,55.8528718,37.5099139,OpenStreetMap Overpass API
5352919351,GalaxyCar,55.7992758,37.5052315,OpenStreetMap Overpass API
5358632821,АВТОМОЙКА И ШИНОМОНТАЖ N1,55.6459227,37.5608748,OpenStreetMap Overpass API
5378214838,Автомойка,55.9065811,37.3887062,OpenStreetMap Overpass API
5380207724,Автомойка,55.7278015,38.0265036,OpenStreetMap Overpass API
5403382391,Автомойка,55.7399649,37.6411101,OpenStreetMap Overpass API
5413201823,Автомойка,55.8352273,37.2661534,OpenStreetMap Overpass API
5420120814,Орбита,55.8034351,37.3910814,OpenStreetMap Overpass API
5420120815,Автомойка,55.7983394,37.3887221,OpenStreetMap Overpass API
5420142457,Автомойка,55.763659,37.405499,OpenStreetMap Overpass API
5425071803,МойСам,55.7880271,37.3844348,OpenStreetMap Overpass API
5442723497,Автомойка,55.7567927,37.6504663,OpenStreetMap Overpass API
5452397676,Автомойка,55.5888838,37.9114812,OpenStreetMap Overpass API
5467440413,Автомойка,55.7568513,37.73905,OpenStreetMap Overpass API
5470610414,Автомойка,55.7934108,37.5593951,OpenStreetMap Overpass API
5513421421,Автомойка,55.7087921,37.7992195,OpenStreetMap Overpass API
5514659167,Автомойка,55.7822816,37.6688765,OpenStreetMap Overpass API
5516988314,Автомойка,55.532853,37.8112734,OpenStreetMap Overpass API
5520130421,Аквамарин,55.784883,37.6120212,OpenStreetMap Overpass API
5523518523,Кармитаж,55.8774186,37.5874011,OpenStreetMap Overpass API
5524582474,Ёж,55.9210901,37.4023806,OpenStreetMap Overpass API
5535488422,Автомойка,55.8983235,37.4439115,OpenStreetMap Overpass API
5537287903,Мой сам,55.6481301,37.2643243,OpenStreetMap Overpass API
5542384218,Автомойка,55.9215385,37.407482,OpenStreetMap Overpass API
5542442182,Автомойка,55.9017786,37.4415815,OpenStreetMap Overpass API
5553248321,Автомойка,55.8175126,37.692452,OpenStreetMap Overpass API
5563882377,Автомойка,55.9188464,37.4222417,OpenStreetMap Overpass API
5572767921,Аквамарин,55.7680287,37.4965229,OpenStreetMap Overpass API
5580515567,Автомойка,55.9061669,37.4289905,OpenStreetMap Overpass API
5596188257,Автомойка,55.811815,37.9537412,OpenStreetMap Overpass API
5596191915,Автомойка,55.8104163,37.9516839,OpenStreetMap Overpass API
5598497421,Автомойка,55.7407498,37.4352295,OpenStreetMap Overpass API
5600653924,Schtolzer,55.8226779,37.9341829,OpenStreetMap Overpass API
5601859875,Nova,55.6949841,37.503145,OpenStreetMap Overpass API
5602932982,Автомойка,55.7725249,37.9264551,OpenStreetMap Overpass API
5606908621,Автомойка,55.751359,38.0433229,OpenStreetMap Overpass API
5614494791,Автомойка,55.6701608,37.5810411,OpenStreetMap Overpass API
5615003023,Автомойка,55.6180119,37.3406735,OpenStreetMap Overpass API
5620297104,H2O,55.5977897,37.9866592,OpenStreetMap Overpass API
5622975743,Автомойка,55.8281504,37.9733409,OpenStreetMap Overpass API
5622975766,Чистый город,55.8349345,37.9723722,OpenStreetMap Overpass API
5625424307,Автомойка,55.742784,37.5252534,OpenStreetMap Overpass API
5643519167,Автомойка,55.8101684,37.9619597,OpenStreetMap Overpass API
5644706000,Автомойка,55.827049,37.3672673,OpenStreetMap Overpass API
5689422524,Городская мойка,55.8708516,37.3359773,OpenStreetMap Overpass API
5691962575,Автомойка,55.9188297,37.4967456,OpenStreetMap Overpass API
5702919897,Автомойка,55.7468875,37.6881738,OpenStreetMap Overpass API
5715661021,Автомойка,55.8002592,37.7139745,OpenStreetMap Overpass API
5732133477,Автомойка,55.7396565,38.0103505,OpenStreetMap Overpass API
5737365407,Автомойка,55.9069295,38.0010522,OpenStreetMap Overpass API
5739185158,Автомойка,55.7107397,37.6739808,OpenStreetMap Overpass API
5747427997,Автомойка,55.6968484,37.8428559,OpenStreetMap Overpass API
5751468021,Быстро чисто,55.8464089,37.6418344,OpenStreetMap Overpass API
5786053953,Автомойка,55.6057125,37.295141,OpenStreetMap Overpass API
5787265859,Автомойка,55.8503,37.4802,OpenStreetMap Overpass API
5793453554,Автомойка,55.704306,37.9230539,OpenStreetMap Overpass API
5811864653,Моймобиль,55.7794768,37.7112658,OpenStreetMap Overpass API
5840081922,BibiWash,55.8761264,37.6696354,OpenStreetMap Overpass API
5845985514,Автомойка,55.881803,37.4182845,OpenStreetMap Overpass API
5848047485,Автомойка,55.7854491,37.3023805,OpenStreetMap Overpass API
5852217240,Автомойка,55.7265919,37.975587,OpenStreetMap Overpass API
5882310316,Автомойка,55.8109107,37.9589592,OpenStreetMap Overpass API
5882882117,Автомойка,55.812157,37.9619216,OpenStreetMap Overpass API
5889996658,#Янамойке,55.7370864,37.5640582,OpenStreetMap Overpass API
5894857046,Немецкий автомоечный комплекс,55.7939841,37.9159121,OpenStreetMap Overpass API
5894857047,Автомойка,55.7942522,37.9153921,OpenStreetMap Overpass API
5902143588,DCS,55.9121346,38.0013727,OpenStreetMap Overpass API
5908821287,Автомойка,55.9158641,37.5385049,OpenStreetMap Overpass API
5920925385,Автомойка,55.7750263,37.8648976,OpenStreetMap Overpass API
5926296274,Nova,55.7922939,37.7327752,OpenStreetMap Overpass API
5953063914,Автомойка,55.7061409,37.4033894,OpenStreetMap Overpass API
5964803184,Экспресс мойка,55.7939939,37.9154072,OpenStreetMap Overpass API
5966817678,Мой Доктор,55.8590571,37.982492,OpenStreetMap Overpass API
5982939937,Автомойка,55.6904683,37.852321,OpenStreetMap Overpass API
5985261525,Автомойка,55.499681,37.5659643,OpenStreetMap Overpass API
5986156286,Автомойка,55.8782957,37.5961254,OpenStreetMap Overpass API
6001213802,Автомойка,55.7780073,37.8280679,OpenStreetMap Overpass API
6021825265,Автомойка,55.759658,37.6597126,OpenStreetMap Overpass API
6027527086,Smart detailing,55.7595996,37.6670978,OpenStreetMap Overpass API
6042607369,Chisto,55.7382193,37.6589817,OpenStreetMap Overpass API
6047366346,Автомойка,55.591053,37.602253,OpenStreetMap Overpass API
6068368286,СФ-Моторс,55.763497,37.4179594,OpenStreetMap Overpass API
6083154795,Автомойка,55.6264227,37.9255081,OpenStreetMap Overpass API
6091205785,Перец,55.7515981,37.9480752,OpenStreetMap Overpass API
6094095463,Автомойка,55.7925032,37.7090972,OpenStreetMap Overpass API
6101130785,Автомойка,55.7135862,37.3806945,OpenStreetMap Overpass API
6104007944,Мой Сам,55.9444807,37.3585528,OpenStreetMap Overpass API
6118496685,Автомойка,55.6874824,37.8501464,OpenStreetMap Overpass API
6123278764,Автомойка,55.9232555,38.007289,OpenStreetMap Overpass API
6125114185,Портал,55.6607078,37.4802659,OpenStreetMap Overpass API
6126470463,Автомойка,55.9614124,37.3352739,OpenStreetMap Overpass API
6141459836,Автомойка,55.9264409,37.8441255,OpenStreetMap Overpass API
6156501591,Молекула,55.5866677,37.7392468,OpenStreetMap Overpass API
6169032605,Автомойка,55.7749567,37.6207791,OpenStreetMap Overpass API
6187416220,Автомойка,55.5840282,37.9870218,OpenStreetMap Overpass API
6187418561,Автомойка,55.58401,37.988261,OpenStreetMap Overpass API
6225817097,Вилгуд,55.9090783,37.4898872,OpenStreetMap Overpass API
6239220925,Мой сам,55.6887557,37.6185285,OpenStreetMap Overpass API
6262996588,Автомойка,55.5836322,37.7278051,OpenStreetMap Overpass API
6277039986,Автомойка,55.6365147,37.7141353,OpenStreetMap Overpass API
6293094670,Автомойка,55.9160047,37.8440086,OpenStreetMap Overpass API
6297418503,Автомойка,55.7071749,37.7011316,OpenStreetMap Overpass API
6308990482,Автомойка,55.7240152,37.6740331,OpenStreetMap Overpass API
6328352087,Автомойка,55.793208,37.6511181,OpenStreetMap Overpass API
6328375987,Автомойка,55.6798982,37.6255148,OpenStreetMap Overpass API
6331015610,Автомойка,55.8483221,37.5882813,OpenStreetMap Overpass API
6344798495,Автомойка,55.5286517,37.8149763,OpenStreetMap Overpass API
6356249193,Автомойка,55.8365679,37.4142019,OpenStreetMap Overpass API
6356249276,Автомойка,55.8368473,37.4076869,OpenStreetMap Overpass API
6384234587,Автомойка,55.7939158,37.7363527,OpenStreetMap Overpass API
6387807964,Автомойка,55.8383256,37.4359587,OpenStreetMap Overpass API
6396952585,Автомойка,55.7488294,37.7069712,OpenStreetMap Overpass API
6398375102,Автомойка,55.8624588,37.5402635,OpenStreetMap Overpass API
6398384194,Автомойка,55.8595883,37.5444718,OpenStreetMap Overpass API
6406570176,Bkf,55.6835518,37.892292,OpenStreetMap Overpass API
6409141275,Автомойка,55.5498539,37.5441801,OpenStreetMap Overpass API
6409141276,Автомойка,55.5513951,37.5465301,OpenStreetMap Overpass API
6413836987,Core12,55.7779261,37.6463954,OpenStreetMap Overpass API
6415850519,Автомойка,55.841404,37.494227,OpenStreetMap Overpass API
6422658787,Автомойка,55.7045639,37.6443435,OpenStreetMap Overpass API
6432319488,Автомойка,55.5884964,37.9117512,OpenStreetMap Overpass API
6439815082,Автомойка,55.7066849,37.9028162,OpenStreetMap Overpass API
6491337925,Автомойка,55.4925608,37.3207931,OpenStreetMap Overpass API
6492710409,Автомойка,55.7279977,37.6524674,OpenStreetMap Overpass API
6504554466,Автомойка,55.5876524,37.6360786,OpenStreetMap Overpass API
6514802155,Автомойка,55.5380446,37.5822547,OpenStreetMap Overpass API
6515026503,Ёрш,55.8428919,37.3744985,OpenStreetMap Overpass API
6516250995,Автомойка,55.8610684,37.4832983,OpenStreetMap Overpass API
6550734986,Автомойка,55.7900598,37.3856207,OpenStreetMap Overpass API
6551013586,Автомойка,55.6582273,37.758774,OpenStreetMap Overpass API
6564787936,Cooga,55.6614093,37.2573536,OpenStreetMap Overpass API
6566387459,Автомойка,55.5690728,37.4827657,OpenStreetMap Overpass API
6568967372,Автомойка,55.6457643,37.6729832,OpenStreetMap Overpass API
6579743572,Автомойка,55.6042082,37.9696544,OpenStreetMap Overpass API
6583980717,Мой Сам,55.5019803,37.6063952,OpenStreetMap Overpass API
6592964987,Carwash,55.9126686,37.419233,OpenStreetMap Overpass API
6603862880,Автомойка,55.9223729,37.814839,OpenStreetMap Overpass API
6605819359,Автомойка,55.8486164,37.5680271,OpenStreetMap Overpass API
6631014902,Автомойка,55.6721545,37.5021225,OpenStreetMap Overpass API
6655182843,Автомойка,55.9661024,37.5318999,OpenStreetMap Overpass API
6681317626,Koch24Север,55.8485871,37.4980518,OpenStreetMap Overpass API
6685160366,Автомойка,55.8662996,37.4712163,OpenStreetMap Overpass API
6694021509,Автомойка,55.7196227,37.3866688,OpenStreetMap Overpass API
6708031409,Автомойка,55.692902,37.6192019,OpenStreetMap Overpass API
6715773221,Автомойка,55.6520228,37.76559,OpenStreetMap Overpass API
6723612840,Автомойка,55.6592189,37.716776,OpenStreetMap Overpass API
6733103482,Автомойка,55.6590055,37.7230024,OpenStreetMap Overpass API
6770546468,Автомойка,55.865347,37.4829365,OpenStreetMap Overpass API
6786520291,Автомойка,55.6709985,37.7246894,OpenStreetMap Overpass API
6796780847,Автомойка,55.8655997,37.4826653,OpenStreetMap Overpass API
6811913413,Автомойка,55.8168524,37.7807998,OpenStreetMap Overpass API
6822586730,Мой сам,55.5397954,37.4927871,OpenStreetMap Overpass API
6833313935,Автомойка,55.7783998,37.8625501,OpenStreetMap Overpass API
6833373403,Автомойка,55.7996366,37.8960356,OpenStreetMap Overpass API
6840407901,Автомойка,55.8472618,37.6554213,OpenStreetMap Overpass API
6852596882,Авантаж-Стайл,55.603532,37.523552,OpenStreetMap Overpass API
6861495941,Автомойка,55.7718233,37.8702869,OpenStreetMap Overpass API
6903952164,Автомойка,55.940051,37.3059386,OpenStreetMap Overpass API
6930006652,Автомойка,55.6893359,37.7368954,OpenStreetMap Overpass API
6969952034,Ehrle,55.6267594,37.7554127,OpenStreetMap Overpass API
6969999561,Автомойка,55.6119541,37.7612036,OpenStreetMap Overpass API
6978017065,Автомойка,55.7084899,37.5916636,OpenStreetMap Overpass API
6986945392,Автомойка,55.6667356,37.253835,OpenStreetMap Overpass API
7002097916,CarService,55.5926024,37.6257949,OpenStreetMap Overpass API
7003129988,234445,55.6659231,37.6273663,OpenStreetMap Overpass API
7025522656,Автомойка,55.9662138,37.5973033,OpenStreetMap Overpass API
7025603260,M-Wash&Service,55.9547412,37.6476727,OpenStreetMap Overpass API
7027877201,Автомойка,55.7578431,37.4205467,OpenStreetMap Overpass API
7033211780,Мой сам,55.822299,37.592696,OpenStreetMap Overpass API
7033633834,Автомойка,55.8644799,37.4785991,OpenStreetMap Overpass API
7043261725,Автомойка,55.7776094,37.8485736,OpenStreetMap Overpass API
7056892905,Автомойка,55.7763839,37.6743098,OpenStreetMap Overpass API
7057170526,Моя Мойка,55.6232166,37.7305109,OpenStreetMap Overpass API
7063533121,Автоюр,55.671158,37.269538,OpenStreetMap Overpass API
7070343688,CleanTeam,55.8039954,37.9080329,OpenStreetMap Overpass API
7097969415,Автомойка,55.8048928,37.9137579,OpenStreetMap Overpass API
7098002121,Автомойка,55.9069041,38.0444517,OpenStreetMap Overpass API
7112013435,Автомойка,55.6844056,37.6109556,OpenStreetMap Overpass API
7126442513,4 сезона,55.5977146,37.6494002,OpenStreetMap Overpass API
7159099167,Автомойка,55.8730914,37.9838767,OpenStreetMap Overpass API
7173246108,Автомойка,55.9168667,37.4711973,OpenStreetMap Overpass API
7184733569,KochPro,55.6490632,37.2526803,OpenStreetMap Overpass API
7187683504,Автомойка,55.6939148,37.8111975,OpenStreetMap Overpass API
7195212865,Автомойка,55.6255822,37.3055884,OpenStreetMap Overpass API
7196330180,Мой-ка! DS,55.7037202,37.7941503,OpenStreetMap Overpass API
7200351346,Автомойка,55.8119483,37.7742778,OpenStreetMap Overpass API
7221169258,Spa Car,55.7189339,37.7769238,OpenStreetMap Overpass API
7253280276,Автомойка,55.6245706,37.861104,OpenStreetMap Overpass API
7271319287,МПАС,55.8295382,37.6460476,OpenStreetMap Overpass API
7295362523,Автомойка,55.6035166,37.5415729,OpenStreetMap Overpass API
7299848848,Crown Wash,55.7564609,37.8461577,OpenStreetMap Overpass API
7302365586,Автомойка,55.5788155,37.6628753,OpenStreetMap Overpass API
7323501392,Экспресс-мойка,55.559148,37.7756068,OpenStreetMap Overpass API
7323936821,Автомойка,55.4961644,37.8418842,OpenStreetMap Overpass API
7323937013,Автомойка,55.528758,37.8148824,OpenStreetMap Overpass API
7330192490,Автомойка,55.7129063,37.3783636,OpenStreetMap Overpass API
7341534485,Автомойка,55.6223737,37.6731604,OpenStreetMap Overpass API
7418900889,Автомойка,55.6487058,37.5298025,OpenStreetMap Overpass API
7442505038,Автомойка,55.8021297,37.496649,OpenStreetMap Overpass API
7489101071,Автомойка,55.5271427,37.5822475,OpenStreetMap Overpass API
7500924051,Автомойка,55.7886838,37.677476,OpenStreetMap Overpass API
7539114082,Автомойка,55.7645692,37.847939,OpenStreetMap Overpass API
7554055228,Автомойка,55.5669751,37.5601937,OpenStreetMap Overpass API
7567178208,Автомойка,55.7962242,37.6896608,OpenStreetMap Overpass API
7598255425,Автомойка,55.7830215,37.6881319,OpenStreetMap Overpass API
7609600214,Автомойка,55.7827062,37.6938853,OpenStreetMap Overpass API
7619536705,Автомойка,55.7451525,37.7174343,OpenStreetMap Overpass API
7626017925,Loft,55.6823976,37.5396804,OpenStreetMap Overpass API
7626017948,Moscow Auto Spa,55.683124,37.5407554,OpenStreetMap Overpass API
7626019161,Стар Трек Сервис,55.6810131,37.5377934,OpenStreetMap Overpass API
7633958533,Автомойка,55.7145762,37.9330732,OpenStreetMap Overpass API
7633966307,Автомойка,55.715108,37.9329122,OpenStreetMap Overpass API
7640052361,Автомойка,55.7403667,37.7949427,OpenStreetMap Overpass API
7650597052,Автомойка,55.7934662,37.7701094,OpenStreetMap Overpass API
7683743098,Автомойка,55.6967334,37.9113459,OpenStreetMap Overpass API
7696065532,Автомойка,55.7390257,37.721732,OpenStreetMap Overpass API
7701421651,Автомойка,55.7844385,37.6980413,OpenStreetMap Overpass API
7729236568,Автомойка,55.7089611,37.8817842,OpenStreetMap Overpass API
7734616700,Смарт аква,55.7597636,37.667039,OpenStreetMap Overpass API
7767756146,Автомойка,55.8003719,37.6954678,OpenStreetMap Overpass API
7767756155,Автомойка,55.8010081,37.6954181,OpenStreetMap Overpass API
7767756163,Автомойка,55.80118,37.6961732,OpenStreetMap Overpass API
7769129827,Автомойка,55.8042971,37.7058673,OpenStreetMap Overpass API
7798145526,Автомойка,55.7886057,37.6626476,OpenStreetMap Overpass API
7804015083,Автомойка,55.6786196,37.5117313,OpenStreetMap Overpass API
7832364870,Измайлово-Авто,55.800464,37.790628,OpenStreetMap Overpass API
7849238326,Автомойка,55.972674,37.4566091,OpenStreetMap Overpass API
7856920944,Мойвилль,55.6288241,37.6349426,OpenStreetMap Overpass API
7880444682,Автомойка,55.7846609,37.6732832,OpenStreetMap Overpass API
7882084870,Мой сам,55.7752847,37.6712662,OpenStreetMap Overpass API
7886659985,Авто-Полиш Детейлинг,55.8121076,37.65218,OpenStreetMap Overpass API
7907106755,Автомойка,55.6103372,37.9664649,OpenStreetMap Overpass API
7916870117,Автомойка,55.6620564,37.9665551,OpenStreetMap Overpass API
7936950617,Автомойка,55.7787136,37.7147099,OpenStreetMap Overpass API
7946050318,Автомойка,55.6818933,37.9115192,OpenStreetMap Overpass API
7978121090,Автомойка,55.6265765,37.6783707,OpenStreetMap Overpass API
7984836055,Автомойка,55.8454821,37.3747855,OpenStreetMap Overpass API
7988743160,Автомойка,55.8457396,37.6844935,OpenStreetMap Overpass API
8010033885,Автомойка,55.5086496,37.5423892,OpenStreetMap Overpass API
8059285785,Автомойка,55.521789,37.6396391,OpenStreetMap Overpass API
8065182206,24,55.6603927,37.5396488,OpenStreetMap Overpass API
8065673627,Нивюс,55.706399,37.645785,OpenStreetMap Overpass API
8090778681,Автомойка,55.8801467,37.41916,OpenStreetMap Overpass API
8090781913,Автомойка,55.9035409,37.541391,OpenStreetMap Overpass API
8119208727,Автомойка,55.9413414,37.5314909,OpenStreetMap Overpass API
8123511234,Автомойка,55.8892058,37.9266863,OpenStreetMap Overpass API
8154394706,Autoclub Moscow,55.755665,37.401892,OpenStreetMap Overpass API
8154394707,Autoclub Moscow,55.621792,37.713655,OpenStreetMap Overpass API
8154394708,Autoclub Moscow,55.691659,37.529885,OpenStreetMap Overpass API
8154400357,feynlab,55.6313511,37.5261428,OpenStreetMap Overpass API
8154400359,Autoclub Moscow,55.7385259,37.4092774,OpenStreetMap Overpass API
8154406238,Custom Cars Detailing,55.710527,37.590415,OpenStreetMap Overpass API
8157222835,Мой сам,55.9124504,37.5895843,OpenStreetMap Overpass API
8165764129,Микс-мойка,55.8772654,37.4492061,OpenStreetMap Overpass API
8190071447,Мой сам,55.6591671,38.0252883,OpenStreetMap Overpass API
8219367152,Самомойка,55.7782829,37.6832952,OpenStreetMap Overpass API
8219367165,Самомойка,55.7792626,37.682388,OpenStreetMap Overpass API
8233363996,Мойка,55.5649718,37.8517051,OpenStreetMap Overpass API
8246997959,Автомойка,55.8067501,37.5726145,OpenStreetMap Overpass API
8350474815,Автомойка,55.9014659,37.265228,OpenStreetMap Overpass API
8357020892,Автомойка,55.9409679,37.5315793,OpenStreetMap Overpass API
8370846301,Мой сам,55.7804709,37.7132696,OpenStreetMap Overpass API
8400675705,Автомойка,55.8826727,37.4277082,OpenStreetMap Overpass API
8409414021,Автомойка,55.8567624,37.4064106,OpenStreetMap Overpass API
8412835812,Автомойка,55.674079,37.7377241,OpenStreetMap Overpass API
8417281803,Автомойка,55.8374656,37.6684847,OpenStreetMap Overpass API
8417706626,Автомойка,55.8503909,37.6732564,OpenStreetMap Overpass API
8417852402,Butovo Drive Wash,55.5438603,37.5262293,OpenStreetMap Overpass API
8419841639,Автомойка,55.8581308,37.6815069,OpenStreetMap Overpass API
8427900919,Автомойка,55.6421221,37.5063797,OpenStreetMap Overpass API
8443653171,Автомойка,55.9230911,37.7254216,OpenStreetMap Overpass API
8462354252,Автомойка,55.8223433,37.5918896,OpenStreetMap Overpass API
8480282869,Автомойка,55.8016616,37.5758734,OpenStreetMap Overpass API
8557074280,Автомойка,55.6526369,37.5163374,OpenStreetMap Overpass API
8576451496,Автомойка,55.8702803,37.5283822,OpenStreetMap Overpass API
8596146181,Мой сам,55.7716587,37.5448483,OpenStreetMap Overpass API
8600984984,Автомойка,55.7717462,37.5670409,OpenStreetMap Overpass API
8607161402,Автомойка,55.7703015,37.5633958,OpenStreetMap Overpass API
8618100052,Автомойка,55.7769366,37.7010977,OpenStreetMap Overpass API
8635395202,5 Звёзд,55.7811074,37.7133232,OpenStreetMap Overpass API
8635426732,White Crystal,55.612503,37.607499,OpenStreetMap Overpass API
8659277078,Автомойка,55.8381335,37.6560152,OpenStreetMap Overpass API
8688865200,Автомойка,55.7491257,37.8796117,OpenStreetMap Overpass API
8692567045,Автомойка,55.7762623,37.7346763,OpenStreetMap Overpass API
8725064517,Автомойка,55.6699676,37.56402,OpenStreetMap Overpass API
8743033408,Автомойка,55.6103848,37.663136,OpenStreetMap Overpass API
8752581964,MGK detailing,55.707941,37.807029,OpenStreetMap Overpass API
8752581965,MGK detailing,55.6924104,37.5676501,OpenStreetMap Overpass API
8766413498,Автомойка,55.902959,37.6251885,OpenStreetMap Overpass API
8766471399,Автомойка,55.9246602,37.5901589,OpenStreetMap Overpass API
8773940527,Автомойка,55.7606106,37.8392053,OpenStreetMap Overpass API
8775317998,Автомойка,55.8706505,37.6986784,OpenStreetMap Overpass API
8785299606,Автомойка,55.5446,37.3073661,OpenStreetMap Overpass API
8792303316,Санрайз,55.533268,37.4493141,OpenStreetMap Overpass API
8818681368,Автомойка,55.7054503,37.6341552,OpenStreetMap Overpass API
8818681408,Crystal City,55.7508676,37.5369435,OpenStreetMap Overpass API
8825575317,Diamond car,55.7364763,37.5985617,OpenStreetMap Overpass API
8841001673,Автомойка,55.8623732,37.6457001,OpenStreetMap Overpass API
8880482495,Мойка на Пресне,55.7583351,37.5732127,OpenStreetMap Overpass API
8888262217,Автомойка,55.6691414,37.5402552,OpenStreetMap Overpass API
8912070465,Автомойка,55.9061564,37.2556727,OpenStreetMap Overpass API
8920573517,Автомойка,55.6188622,37.2754548,OpenStreetMap Overpass API
8922281930,Автомойка,55.8357701,37.955718,OpenStreetMap Overpass API
8933983617,Автомойка,55.6346337,37.7707792,OpenStreetMap Overpass API
8936312873,Автомойка,55.624486,37.6429987,OpenStreetMap Overpass API
8959864494,Автомойка,55.6832242,37.6134264,OpenStreetMap Overpass API
8971324145,Автомойка,55.816717,37.5729203,OpenStreetMap Overpass API
8981368261,Автомойка,55.5993126,37.5032204,OpenStreetMap Overpass API
8987922921,Автомойка,55.7287024,37.710004,OpenStreetMap Overpass API
8988686473,Автомойка,55.660223,37.8741903,OpenStreetMap Overpass API
8993066139,Самомойка Pro,55.8487564,37.6175411,OpenStreetMap Overpass API
9003147785,Автомойка,55.6767359,37.760951,OpenStreetMap Overpass API
9005361285,Автомойка,55.8751559,37.4698564,OpenStreetMap Overpass API
9054291734,Автомойка,55.6876607,37.3132248,OpenStreetMap Overpass API
9104277332,Автомойка,55.614315,37.5873195,OpenStreetMap Overpass API
9177661912,Автомойка,55.7751022,37.5042991,OpenStreetMap Overpass API
9209512469,Автомойка,55.9676643,37.4466877,OpenStreetMap Overpass API
9236332177,Автомойка,55.7256434,37.378841,OpenStreetMap Overpass API
9246658259,Автомойка,55.6809689,37.4170196,OpenStreetMap Overpass API
9271912100,мойка самообслуживания,55.5987496,37.3473044,OpenStreetMap Overpass API
9308091111,Автомойка,55.6911661,37.3275223,OpenStreetMap Overpass API
9314750269,Автомойка самообслуживания 24,55.6186512,37.27385,OpenStreetMap Overpass API
9321262919,Автомойка,55.8378436,37.4354196,OpenStreetMap Overpass API
9362641685,Автомойка,55.8813574,37.5473817,OpenStreetMap Overpass API
9377372701,Автомойка,55.5377829,37.7167752,OpenStreetMap Overpass API
9384331495,Портал,55.8445559,37.3798036,OpenStreetMap Overpass API
9411025811,Автомойка,55.5811291,37.5900073,OpenStreetMap Overpass API
9432078493,Автомойка,55.6684466,37.869754,OpenStreetMap Overpass API
9442014257,Автомойка,55.7234789,37.3724292,OpenStreetMap Overpass API
9445830359,Автомойка,55.6191589,37.9635332,OpenStreetMap Overpass API
9448514598,Автомойка,55.6144878,37.9689458,OpenStreetMap Overpass API
9464440612,Автомойка,55.9777386,37.3865537,OpenStreetMap Overpass API
9464441052,Автомойка,55.9789294,37.3870218,OpenStreetMap Overpass API
9507327823,МОЙ-КА! DS,55.5492244,37.7511281,OpenStreetMap Overpass API
9507381085,МОЙ-КА! DS,55.5897782,37.9095888,OpenStreetMap Overpass API
9551941052,Автомойка,55.6682369,37.7673255,OpenStreetMap Overpass API
9558949488,Pro-Complex,55.898161,37.6308893,OpenStreetMap Overpass API
9579255521,Автомойка,55.9022267,37.521261,OpenStreetMap Overpass API
9633310321,Автомойка,55.7998487,37.6979971,OpenStreetMap Overpass API
9635520297,Bkf,55.6348163,37.8520176,OpenStreetMap Overpass API
9638821270,Carwash,55.6501239,37.9317807,OpenStreetMap Overpass API
9638850020,Carwash,55.7104848,37.9495725,OpenStreetMap Overpass API
9749029619,Автомойка,55.9345496,37.3802277,OpenStreetMap Overpass API
9778991425,Автомойка,55.6596304,37.4061219,OpenStreetMap Overpass API
9787186795,Автомойка,55.5844637,37.7852594,OpenStreetMap Overpass API
9794250017,Автомойка,55.5377244,38.0254203,OpenStreetMap Overpass API
9794250018,Автомойка,55.5345212,37.9863219,OpenStreetMap Overpass API
9794259016,Автомойка,55.6028493,37.4691899,OpenStreetMap Overpass API
9797333447,Автомойка,55.7395738,37.6999202,OpenStreetMap Overpass API
9807526186,Автомойка,55.6300237,37.8051213,OpenStreetMap Overpass API
9815749501,Автомойка,55.9785812,37.3001718,OpenStreetMap Overpass API
9815749560,Автомойка,55.977037,37.3100317,OpenStreetMap Overpass API
9828198950,Автомойка,55.6769597,37.5385077,OpenStreetMap Overpass API
9836744212,Автомойка,55.7054662,37.3971958,OpenStreetMap Overpass API
9839801789,Автомойка,55.8179308,37.3611908,OpenStreetMap Overpass API
9845992010,Автомойка,55.8758239,37.7273256,OpenStreetMap Overpass API
9863360717,Автомойка,55.9248228,37.719672,OpenStreetMap Overpass API
9865530534,Автомойка,55.9305654,37.8010686,OpenStreetMap Overpass API
9870500577,Автомойка,55.8541414,37.5208881,OpenStreetMap Overpass API
9888471416,Автомойка,55.8831526,37.5564408,OpenStreetMap Overpass API
9888471417,Автомойка,55.8841349,37.5563014,OpenStreetMap Overpass API
9892699905,МойСАМ,55.7674251,37.8803738,OpenStreetMap Overpass API
9901492323,Автомойка,55.6150382,37.282474,OpenStreetMap Overpass API
9902409167,Автомойка,55.86875,37.4977,OpenStreetMap Overpass API
9917513098,Автомойка,55.7745118,37.5578862,OpenStreetMap Overpass API
9937369411,Автомойка,55.5658429,37.688207,OpenStreetMap Overpass API
9945675955,Мой сам,55.855653,37.4253093,OpenStreetMap Overpass API
9985704246,Автомойка,55.8655019,37.3403835,OpenStreetMap Overpass API
10016856363,Автомойка,55.9653398,37.7424802,OpenStreetMap Overpass API
10054649914,Автомойка,55.9192174,37.6818609,OpenStreetMap Overpass API
10101421336,Мой,55.7257023,37.5750699,OpenStreetMap Overpass API
10128934167,Автомойка,55.9730027,37.7208012,OpenStreetMap Overpass API
10128934174,Автомойка,55.9741292,37.7237262,OpenStreetMap Overpass API
10128934201,Автомойка,55.9730568,37.7285314,OpenStreetMap Overpass API
10219470351,Мой сам,55.8865283,37.4058133,OpenStreetMap Overpass API
10236782258,Автомойка,55.7047313,37.5891027,OpenStreetMap Overpass API
10251444585,Автомойка,55.7747824,37.5576103,OpenStreetMap Overpass API
10255485720,Автомойка,55.7833035,37.5804064,OpenStreetMap Overpass API
10271502430,Автомойка,55.7059768,37.5939312,OpenStreetMap Overpass API
10271505519,Автомойка,55.7059768,37.5939312,OpenStreetMap Overpass API
10292737690,Автомойка,55.6981403,37.3237605,OpenStreetMap Overpass API
10299004009,"Автомойка самообслуживания ""Мой-Ка! DC",55.587359,37.9145206,OpenStreetMap Overpass API
10309876888,Автомойка,55.7153131,37.9341863,OpenStreetMap Overpass API
10576728158,AutoPlane,55.825832,37.95069,OpenStreetMap Overpass API
10605691933,Garage Protect Msk,55.7660704,37.7238214,OpenStreetMap Overpass API
10612687146,Portal,55.834917,37.3936691,OpenStreetMap Overpass API
10652913827,Автомойка,55.7667942,37.7329496,OpenStreetMap Overpass API
10696785246,Апельсин,55.8720237,37.3316181,OpenStreetMap Overpass API
10701181975,Портал,55.8785378,37.5434528,OpenStreetMap Overpass API
10755779583,Автомойка,55.6753037,37.8368309,OpenStreetMap Overpass API
10768696974,Автомойка,55.6385778,37.6393989,OpenStreetMap Overpass API
10768696975,Автомойка,55.6368562,37.644461,OpenStreetMap Overpass API
10768741913,Автомойка,55.6402681,37.6395516,OpenStreetMap Overpass API
10768865990,Автомойка,55.6692958,37.2619101,OpenStreetMap Overpass API
10769131130,Автомойка,55.6439603,37.6624125,OpenStreetMap Overpass API
10775636250,Портал,55.6254503,37.6771879,OpenStreetMap Overpass API
10779964388,Автомойка,55.8282602,37.6514313,OpenStreetMap Overpass API
10783331944,Автомойка,55.7224558,37.9062067,OpenStreetMap Overpass API
10839959127,Автомойка,55.7458737,37.9743943,OpenStreetMap Overpass API
10941295169,Звёздная мойка,55.9062067,37.8684126,OpenStreetMap Overpass API
10969099117,Автомойка,55.8323947,37.3133013,OpenStreetMap Overpass API
10979333923,Автомойка,55.637858,37.7941051,OpenStreetMap Overpass API
10981568713,Автомойка,55.6262976,37.6468131,OpenStreetMap Overpass API
10997305249,Мой-ка! DS,55.8471799,37.6753157,OpenStreetMap Overpass API
11023514712,Автомойка,55.7244917,37.9107932,OpenStreetMap Overpass API
11038101305,Автомойка,55.7278185,37.6200601,OpenStreetMap Overpass API
11057532793,Автомойка,55.7426211,37.8480075,OpenStreetMap Overpass API
11067406383,Автомойка,55.6751349,37.9443169,OpenStreetMap Overpass API
11113330393,Автомойка,55.62731,37.9987559,OpenStreetMap Overpass API
11124087416,Автомойка,55.6578599,37.7146838,OpenStreetMap Overpass API
11129172991,Crazy wash & detailing,55.6256937,38.0107142,OpenStreetMap Overpass API
11188932101,Авто-Спа,55.7550611,37.8445183,OpenStreetMap Overpass API
11207731302,722 Detailing,55.748428,37.6570679,OpenStreetMap Overpass API
11243975730,Автомойка,55.8103623,37.6036397,OpenStreetMap Overpass API
11254760130,Автомойка,55.9641133,37.447,OpenStreetMap Overpass API
11266795033,Автомойка,55.9325598,38.0067423,OpenStreetMap Overpass API
11271210792,Студия 13,55.9639245,38.0419529,OpenStreetMap Overpass API
11271210805,Мойка 24/7,55.9631347,38.0436371,OpenStreetMap Overpass API
11325512859,Автомойка,55.6803627,37.2981379,OpenStreetMap Overpass API
11380987240,Самомой,55.9062353,37.2550544,OpenStreetMap Overpass API
11398935386,Автомойка,55.9139896,37.987331,OpenStreetMap Overpass API
11427325728,Автомойка,55.7738146,37.6836553,OpenStreetMap Overpass API
11472669838,Автомойка,55.7712346,37.8804941,OpenStreetMap Overpass API
11472685003,Автомойка,55.7712263,37.8816762,OpenStreetMap Overpass API
11498679553,Автомойка,55.8242798,37.5579724,OpenStreetMap Overpass API
11572575893,Портал,55.6649965,37.636317,OpenStreetMap Overpass API
11572575894,Портал,55.67864,37.484504,OpenStreetMap Overpass API
11572575895,Портал,55.8005091,37.2983644,OpenStreetMap Overpass API
11584395804,Автомойка,55.656706,37.596399,OpenStreetMap Overpass API
11601588797,Автомойка,55.7140234,38.0472517,OpenStreetMap Overpass API
11638904772,АвтоСпа,55.789174,37.5693228,OpenStreetMap Overpass API
11650692214,Автомойка,55.8519568,37.6042217,OpenStreetMap Overpass API
11678928166,Автомойка,55.8470542,37.5783317,OpenStreetMap Overpass API
11701520771,Автомойка,55.8490169,37.5681098,OpenStreetMap Overpass API
11760867020,Family Carwash,55.7552921,37.5090441,OpenStreetMap Overpass API
11766535224,Автомойка,55.8206411,37.4240705,OpenStreetMap Overpass API
11774151274,Автомойка,55.7737429,37.8268967,OpenStreetMap Overpass API
11801826839,Автомойка,55.8403068,37.355589,OpenStreetMap Overpass API
11831311324,Автомойка,55.8045622,37.9284966,OpenStreetMap Overpass API
11845466818,Автомойка,55.9276055,37.9545019,OpenStreetMap Overpass API
11873761756,Автомойка,55.5695863,37.4945979,OpenStreetMap Overpass API
11888951390,Автомойка,55.7784458,37.6956166,OpenStreetMap Overpass API
11919659944,IQ мойка,55.8734269,37.3338148,OpenStreetMap Overpass API
11926096097,Автомойка,55.9358213,37.8291987,OpenStreetMap Overpass API
11950869949,Шиномонтаж,55.6722286,37.9140673,OpenStreetMap Overpass API
11952675073,Автомойка,55.6705159,37.8896375,OpenStreetMap Overpass API
11962425373,Автомойка,55.4827631,37.7755695,OpenStreetMap Overpass API
11968722035,Автомойка,55.8308833,37.3056934,OpenStreetMap Overpass API
11997922890,Автомойка,55.9689715,38.0359195,OpenStreetMap Overpass API
12058040284,Автомойка,55.7702551,37.8211934,OpenStreetMap Overpass API
12088378450,Автомойка,55.6553611,37.573625,OpenStreetMap Overpass API
12092080390,Top Clean,55.7739017,37.5862281,OpenStreetMap Overpass API
12094169492,Эталон,55.8015976,37.4971211,OpenStreetMap Overpass API
12097307830,Автомойка,55.6716585,37.3019689,OpenStreetMap Overpass API
12107813619,Автомойка,55.7113137,38.0499,OpenStreetMap Overpass API
12117514791,Автомойка,55.6786482,37.9077438,OpenStreetMap Overpass API
12136516348,Автомойка,55.665796,37.2651315,OpenStreetMap Overpass API
12137959822,Автомойка,55.6676409,37.2565457,OpenStreetMap Overpass API
12141009815,АкваСити,55.9030169,37.9883127,OpenStreetMap Overpass API
12439548223,Автомойка,55.8237759,37.6206534,OpenStreetMap Overpass API
12459403245,Автомойка,55.7583503,37.8462795,OpenStreetMap Overpass API
12462799134,Автомойка,55.8242872,37.3644106,OpenStreetMap Overpass API
12512433293,Автомойка,55.6748893,37.5444809,OpenStreetMap Overpass API
12514872564,Автомойка,55.7919894,37.3883019,OpenStreetMap Overpass API
12547726688,Автомойка,55.7073922,37.8546376,OpenStreetMap Overpass API
12642943643,Автомойка,55.750641,37.88948,OpenStreetMap Overpass API
12644700349,Автомойка,55.6525651,37.476224,OpenStreetMap Overpass API
12809274317,Tks Amk,55.7508876,37.6688712,OpenStreetMap Overpass API
12828068483,Автомойка,55.9139871,37.4109186,OpenStreetMap Overpass API
12830213887,AquaSmith,55.7247326,37.3905623,OpenStreetMap Overpass API
12875761738,5 Min,55.6995251,37.8051515,OpenStreetMap Overpass API
12890541001,Wash systems,55.8705416,37.6886319,OpenStreetMap Overpass API
12911494484,Автомойка,55.8162679,37.6868391,OpenStreetMap Overpass API
12916700234,Автомойка,55.7469931,37.7149674,OpenStreetMap Overpass API
13007137295,Ocean Drive,55.839836,37.3496197,OpenStreetMap Overpass API
13020401276,Автомойка,55.6775103,37.2804952,OpenStreetMap Overpass API
13087424016,Gloss&go,55.9282344,37.4941599,OpenStreetMap Overpass API
13108860001,Автомойка,55.7082244,37.4115598,OpenStreetMap Overpass API
13124957351,799 Detailing,55.8094029,37.5908536,OpenStreetMap Overpass API
13135284356,Getwash,55.8085272,37.578152,OpenStreetMap Overpass API
13155858375,Автомойка,55.7456921,37.6369889,OpenStreetMap Overpass API
13167188698,Автомойка,55.8273963,37.4901584,OpenStreetMap Overpass API
13188842078,Автомойка,55.5971162,37.5113644,OpenStreetMap Overpass API
13189481567,Автомойка,55.6877144,37.2917631,OpenStreetMap Overpass API
13191580690,Автомойка,55.6896595,37.295881,OpenStreetMap Overpass API
13234351104,Автомойка,55.7736886,37.6226451,OpenStreetMap Overpass API
13264706472,Автомойка,55.6685448,37.5919528,OpenStreetMap Overpass API
13274337181,Автомойка,55.7439686,37.6308143,OpenStreetMap Overpass API
13275832823,Автомойка,55.7450872,37.5839701,OpenStreetMap Overpass API
13277714403,Carex,55.6185482,37.504282,OpenStreetMap Overpass API
13318679609,Автомойка,55.5896992,37.9086044,OpenStreetMap Overpass API
13324386631,Автомойка,55.6027816,37.4833045,OpenStreetMap Overpass API
13325796593,Автомойка,55.6940162,37.8512875,OpenStreetMap Overpass API
13460661079,Автомойка,55.7221261,37.3894992,OpenStreetMap Overpass API
13460759682,Автомойка,55.7379568,37.6562711,OpenStreetMap Overpass API
13464727989,Портал,55.731116,37.7340353,OpenStreetMap Overpass API
13483869039,Автомойка,55.7570747,37.6170629,OpenStreetMap Overpass API
13517853956,Автомойка,55.7451271,37.8820476,OpenStreetMap Overpass API
13545649382,Автомойка,55.898896,37.2730574,OpenStreetMap Overpass API
13582728201,Портал,55.8669314,37.6065779,OpenStreetMap Overpass API
13587400897,Автомойка,55.7615746,37.5554243,OpenStreetMap Overpass API
13587404013,Аквасити,55.7671777,37.5552077,OpenStreetMap Overpass API
13669308722,Автомойка,55.6524258,37.3761374,OpenStreetMap Overpass API
13691496478,Автомойка,55.6496871,37.2552155,OpenStreetMap Overpass API
13764940999,Friends,55.63443,37.3345901,OpenStreetMap Overpass API
13783411109,Стандарт чистоты,55.6452454,37.3219545,OpenStreetMap Overpass API
13859134691,Автомойка,55.7333531,38.0095323,OpenStreetMap Overpass API
13874818891,Автомойка,55.8004655,37.7763913,OpenStreetMap Overpass API
24600630,Портал,55.6805746,37.848587,OpenStreetMap Overpass API
27794358,Автоспектр ВВ,55.7257688,37.4950387,OpenStreetMap Overpass API
29103448,Портал,55.7410811,37.4290175,OpenStreetMap Overpass API
31649682,Автомойка,55.9145501,37.8280818,OpenStreetMap Overpass API
34062018,Автомойка,55.8011139,37.3898055,OpenStreetMap Overpass API
34235600,Робомойка,55.6891323,37.6035566,OpenStreetMap Overpass API
39423464,Автомойка,55.6149169,37.5140395,OpenStreetMap Overpass API
39838414,Автомойка,55.967118,37.8865085,OpenStreetMap Overpass API
39838417,Автомойка,55.9735527,37.895233,OpenStreetMap Overpass API
40008973,Автомойка,55.6647538,37.5393088,OpenStreetMap Overpass API
40008987,Чистый город,55.6628538,37.5364908,OpenStreetMap Overpass API
40009427,Автомойка,55.6618969,37.5083274,OpenStreetMap Overpass API
40020459,Автомойка,55.6586735,37.5246342,OpenStreetMap Overpass API
40020461,Автомойка,55.6661688,37.5416778,OpenStreetMap Overpass API
40760792,Автомойка,55.9245341,37.9983734,OpenStreetMap Overpass API
42382862,Автомойка,55.8698525,37.7092288,OpenStreetMap Overpass API
44392584,Автомойка,55.8838254,37.6103471,OpenStreetMap Overpass API
45829274,Автомойка,55.780108,37.6443926,OpenStreetMap Overpass API
46414197,Автомойка,55.7916312,37.6036293,OpenStreetMap Overpass API
47198204,Автомойка,55.9386102,37.4912143,OpenStreetMap Overpass API
48164065,Автомойка,55.6196477,37.5427297,OpenStreetMap Overpass API
48677285,Автомойка,55.8630365,37.6469577,OpenStreetMap Overpass API
48955628,Автомойка,55.6691294,37.4451306,OpenStreetMap Overpass API
50266327,Автомойка,55.8840875,37.5562025,OpenStreetMap Overpass API
50343614,Автомойка,55.6749657,37.6557938,OpenStreetMap Overpass API
50417146,Автомойка,55.8644694,37.4626281,OpenStreetMap Overpass API
51500685,Автомойка,55.7627813,37.7713308,OpenStreetMap Overpass API
51702030,Автомойка,55.6574325,37.7143104,OpenStreetMap Overpass API
51702221,Автомойка,55.6592814,37.7388174,OpenStreetMap Overpass API
51709779,Портал,55.6693449,37.741074,OpenStreetMap Overpass API
51709802,Автомойка,55.6674008,37.7659712,OpenStreetMap Overpass API
52456620,Шаг,55.796939,37.4529337,OpenStreetMap Overpass API
52708466,Автомойка,55.7161158,37.5663764,OpenStreetMap Overpass API
53733459,Портал,55.6101616,37.5187316,OpenStreetMap Overpass API
54200103,Автомойка,55.8010041,37.3896821,OpenStreetMap Overpass API
55147051,Автомойка,55.7659935,37.8495037,OpenStreetMap Overpass API
55602163,Автомойка,55.8365537,37.4141545,OpenStreetMap Overpass API
61190948,Автомойка,55.6683019,37.4920427,OpenStreetMap Overpass API
61325215,Автомойка 24,55.6521951,37.3826465,OpenStreetMap Overpass API
63093260,Автомойка,55.5974503,37.3567089,OpenStreetMap Overpass API
64947010,Автомойка,55.6356651,37.7344131,OpenStreetMap Overpass API
67076021,Портал,55.6193849,37.7151073,OpenStreetMap Overpass API
77435590,Автомойка,55.6397472,37.843106,OpenStreetMap Overpass API
78384585,Автомойка,55.6766619,37.6513391,OpenStreetMap Overpass API
79897020,Автомойка,55.8159977,37.7824197,OpenStreetMap Overpass API
79964540,Портал,55.7950833,37.6350015,OpenStreetMap Overpass API
82554190,Автомойка,55.8965702,37.4390241,OpenStreetMap Overpass API
83700590,Автомойка,55.783428,37.5852465,OpenStreetMap Overpass API
86386142,Портал,55.7909121,37.655744,OpenStreetMap Overpass API
86459882,Автомойка,55.7503749,37.4314758,OpenStreetMap Overpass API
86567063,Автомойка,55.7972366,37.6370336,OpenStreetMap Overpass API
86969192,Портал,55.8825936,37.604815,OpenStreetMap Overpass API
88232754,"Мойка, ш/м",55.5406945,37.5566191,OpenStreetMap Overpass API
88696625,Автомойка,55.8893412,37.7181619,OpenStreetMap Overpass API
89990843,Автомойка,55.6744015,37.4724304,OpenStreetMap Overpass API
90130293,Автомойка,55.7510291,37.9698305,OpenStreetMap Overpass API
94218714,Автомойка,55.8583662,37.3541963,OpenStreetMap Overpass API
94715820,Автомойка,55.7498418,37.9667317,OpenStreetMap Overpass API
96142072,Автомойка,55.8301,37.651829,OpenStreetMap Overpass API
97840154,Аквасити,55.7531691,37.502736,OpenStreetMap Overpass API
99028244,Автомойка,55.621334,37.7292609,OpenStreetMap Overpass API
99115274,Автомойка,55.8518879,37.609938,OpenStreetMap Overpass API
101326368,Автомойка,55.8746779,37.5276331,OpenStreetMap Overpass API
101948157,Автомойка,55.9301356,37.7233387,OpenStreetMap Overpass API
102181372,Автомойка,55.746658,37.9823825,OpenStreetMap Overpass API
105762539,Автомойка,55.5423813,37.7240268,OpenStreetMap Overpass API
107397681,АвтоЛоск,55.7591984,37.7622174,OpenStreetMap Overpass API
108507027,Автомойка,55.9130841,37.7895192,OpenStreetMap Overpass API
110402791,Автомойка,55.9774197,37.9334305,OpenStreetMap Overpass API
117526764,Автомойка,55.674559,37.8628679,OpenStreetMap Overpass API
119299514,Автомойка,55.7158029,37.6863248,OpenStreetMap Overpass API
120316369,Автомойка,55.8893268,37.3622396,OpenStreetMap Overpass API
123440303,Автомойка,55.8883295,37.4975723,OpenStreetMap Overpass API
130537914,Автомойка,55.7965715,37.7029864,OpenStreetMap Overpass API
130577104,Автомойка,55.7999407,37.6077852,OpenStreetMap Overpass API
144331944,Автосервис,55.480872,37.3120043,OpenStreetMap Overpass API
147462360,Автомойка,55.9775014,37.9108782,OpenStreetMap Overpass API
148024984,Автомойка,55.8569332,37.5932454,OpenStreetMap Overpass API
150603402,Автомойка,55.7834928,37.6045545,OpenStreetMap Overpass API
153685167,Автомойка,55.5988224,37.529657,OpenStreetMap Overpass API
154819880,Автомойка,55.7171976,37.5694833,OpenStreetMap Overpass API
158960639,Автомойка,55.9640955,38.0392935,OpenStreetMap Overpass API
161626573,Автомойка,55.9221627,37.7682923,OpenStreetMap Overpass API
161627518,Автомойка,55.9207225,37.7618279,OpenStreetMap Overpass API
161683026,Автомойка,55.9488109,38.0477109,OpenStreetMap Overpass API
163356929,Автомойка,55.6508368,37.6433423,OpenStreetMap Overpass API
165377019,Автомойка,55.9234382,37.822458,OpenStreetMap Overpass API
166674897,Портал,55.722037,37.7957196,OpenStreetMap Overpass API
178934550,Автомойка,55.8943999,37.4065289,OpenStreetMap Overpass API
179441778,Автомойка,55.8317231,37.2906003,OpenStreetMap Overpass API
182903997,Автомойка,55.7250334,37.3315939,OpenStreetMap Overpass API
184197453,Автомойка,55.9087836,38.0265159,OpenStreetMap Overpass API
190716601,Автомойка,55.8130669,37.7957693,OpenStreetMap Overpass API
200960328,General Fueller,55.7509033,37.9703128,OpenStreetMap Overpass API
202973314,Автомойка,55.9042581,37.7338577,OpenStreetMap Overpass API
206090449,Автомойка,55.8641224,37.4787305,OpenStreetMap Overpass API
207147137,Портал,55.7323173,37.4465804,OpenStreetMap Overpass API
219403908,Автомойка,55.6653489,37.548463,OpenStreetMap Overpass API
219440455,Автомойка,55.8170207,37.6199113,OpenStreetMap Overpass API
221105134,Автомойка,55.7794476,37.864619,OpenStreetMap Overpass API
227034035,Автомойка,55.811696,37.6897849,OpenStreetMap Overpass API
239185831,Автомойка,55.64528,37.4773831,OpenStreetMap Overpass API
245621758,Автомойка,55.6839847,37.4317695,OpenStreetMap Overpass API
251278063,Автомойка,55.6495697,37.373936,OpenStreetMap Overpass API
251278065,Автомойка,55.6497772,37.3729754,OpenStreetMap Overpass API
259789252,Автомойка,55.6507623,37.5348695,OpenStreetMap Overpass API
262363304,Автомойка,55.8265224,37.3333694,OpenStreetMap Overpass API
266670781,Автомойка,55.9139085,38.0029468,OpenStreetMap Overpass API
269181823,Автомойка,55.660092,37.5524336,OpenStreetMap Overpass API
270065250,Автомойка,55.6376415,37.3667429,OpenStreetMap Overpass API
270065255,Автомойка,55.637823,37.3664131,OpenStreetMap Overpass API
286876375,Портал,55.6771727,37.4631055,OpenStreetMap Overpass API
291931005,Автомойка,55.9693487,37.9318016,OpenStreetMap Overpass API
292146732,Автомойка,55.902376,37.4637612,OpenStreetMap Overpass API
293677417,Автомойка,55.6207036,37.4635089,OpenStreetMap Overpass API
296767048,Автомойка,55.8273388,37.5160425,OpenStreetMap Overpass API
296891294,Автомойка,55.7398577,37.6622032,OpenStreetMap Overpass API
299332369,Автомойка,55.8452361,37.5006091,OpenStreetMap Overpass API
300381536,Автомойка,55.7295979,37.6506975,OpenStreetMap Overpass API
307648707,Автомойка,55.6612846,38.0145773,OpenStreetMap Overpass API
309800898,Автомойка,55.9306803,37.7745254,OpenStreetMap Overpass API
311279632,Автомойка,55.6521533,37.8572522,OpenStreetMap Overpass API
312562903,Автомойка,55.7221672,37.6494125,OpenStreetMap Overpass API
331905431,Автомойка,55.7183741,37.8347804,OpenStreetMap Overpass API
337149195,Автомойка,55.5085585,37.5326465,OpenStreetMap Overpass API
338803830,Автомойка,55.9129481,37.8449222,OpenStreetMap Overpass API
348293496,Автомойка,55.902879,37.4905725,OpenStreetMap Overpass API
350990713,Автомойка,55.8268528,37.4889678,OpenStreetMap Overpass API
362662132,Автомойка,55.9111907,37.9905979,OpenStreetMap Overpass API
366112870,Автомойка,55.6887803,37.8859498,OpenStreetMap Overpass API
377718773,Автомойка,55.6352399,37.4736184,OpenStreetMap Overpass API
379379944,Автомойка,55.8298312,37.4119075,OpenStreetMap Overpass API
398410483,Авто SPA,55.8482797,37.3428459,OpenStreetMap Overpass API
399538680,Автомойка,55.807968,37.5719589,OpenStreetMap Overpass API
402253259,Автомойка,55.9061261,37.8656888,OpenStreetMap Overpass API
407816878,Auto-Star luxe,55.942317,37.5182025,OpenStreetMap Overpass API
408952894,Автомойка,55.9579035,37.8674673,OpenStreetMap Overpass API
409051949,Автомойка,55.9422121,37.8690826,OpenStreetMap Overpass API
420917900,Автомойка,55.9391123,37.4990998,OpenStreetMap Overpass API
421507837,Автомойка,55.6768065,37.5703646,OpenStreetMap Overpass API
426141975,Мой сам!,55.8057205,37.5859936,OpenStreetMap Overpass API
427168953,Автомойка,55.7595757,37.7436984,OpenStreetMap Overpass API
431082002,Портал,55.8048376,37.4247053,OpenStreetMap Overpass API
434416171,Автомойка,55.875153,37.5582171,OpenStreetMap Overpass API
441182206,Автомойка,55.9181318,37.8433713,OpenStreetMap Overpass API
457880402,Автомойка,55.6669677,37.7752493,OpenStreetMap Overpass API
472569660,Автомойка,55.9467817,37.3355889,OpenStreetMap Overpass API
496700222,Автомойка,55.6504945,37.6118095,OpenStreetMap Overpass API
508699712,Автомойка,55.7391746,37.838544,OpenStreetMap Overpass API
512501259,Автомойка,55.9165455,37.9758768,OpenStreetMap Overpass API
512850287,Народная мойка,55.9110653,37.4056012,OpenStreetMap Overpass API
516542782,МойАвтоСам,55.9117167,37.4046064,OpenStreetMap Overpass API
524380692,Семья,55.7913705,37.8954301,OpenStreetMap Overpass API
538433626,Автомойка,55.8160979,37.6861179,OpenStreetMap Overpass API
561043768,Бункер,55.7682721,37.8348395,OpenStreetMap Overpass API
573292988,Детейлинг авто,55.7353979,37.346412,OpenStreetMap Overpass API
583721535,Автомойка,55.9038465,37.418662,OpenStreetMap Overpass API
604867927,Автомойка,55.665014,37.5160489,OpenStreetMap Overpass API
608078151,Автомойка,55.9375163,37.82977,OpenStreetMap Overpass API
609173387,Selfie,55.8499646,37.3412808,OpenStreetMap Overpass API
625232454,Мойка самообслуживания,55.9116382,38.0027272,OpenStreetMap Overpass API
630327621,Автомойка,55.7327534,37.6958688,OpenStreetMap Overpass API
632277385,Автомойка,55.568109,37.5969319,OpenStreetMap Overpass API
653899320,Детейлинг-центр S&A Carlounge,55.8991055,37.6037752,OpenStreetMap Overpass API
680040249,Автомойка,55.735093,38.0095325,OpenStreetMap Overpass API
692544662,Автомойка,55.5959284,37.3573971,OpenStreetMap Overpass API
698255152,Автомойка,55.915571,37.4957962,OpenStreetMap Overpass API
703498998,Автомойка,55.9251371,37.3973268,OpenStreetMap Overpass API
708307555,Автомойка,55.9452208,37.5293921,OpenStreetMap Overpass API
711633676,Элит мойка,55.7118819,37.378775,OpenStreetMap Overpass API
725195332,Автомойка,55.9208677,37.3774545,OpenStreetMap Overpass API
737416608,Сам,55.9378614,37.3212769,OpenStreetMap Overpass API
739365344,Автомойка,55.8306199,37.3267058,OpenStreetMap Overpass API
744835463,Автомойка,55.6665371,37.2527991,OpenStreetMap Overpass API
750056886,Автомойка,55.5588262,37.4898738,OpenStreetMap Overpass API
753845350,Мой сам,55.7765683,37.8463554,OpenStreetMap Overpass API
761204096,Мой автомобиль,55.6858423,37.6031715,OpenStreetMap Overpass API
762725958,Мой сам!,55.863451,37.3984951,OpenStreetMap Overpass API
774638569,Автомойка,55.6823071,37.3081971,OpenStreetMap Overpass API
782249203,Автомойка,55.9033664,37.418483,OpenStreetMap Overpass API
785367007,Автомойка,55.6410331,37.8236555,OpenStreetMap Overpass API
799087693,Алексахин,55.5032949,37.7519189,OpenStreetMap Overpass API
804715800,Grand,55.8624274,37.3862434,OpenStreetMap Overpass API
807997916,Мой Сам,55.831628,37.93188,OpenStreetMap Overpass API
819165176,Автомойка,55.7997911,37.6979563,OpenStreetMap Overpass API
836881089,Автомойка,55.5728582,37.6422075,OpenStreetMap Overpass API
868001848,Carwash,55.8792583,37.4159695,OpenStreetMap Overpass API
870664650,Мой Сам,55.5135556,37.3526407,OpenStreetMap Overpass API
878917341,Sammoy,55.8979981,37.444307,OpenStreetMap Overpass API
886533912,Автомойка,55.8032746,37.4861368,OpenStreetMap Overpass API
893388438,Автомойка,55.5996573,37.345579,OpenStreetMap Overpass API
896288482,Автомойка,55.9728669,37.3118274,OpenStreetMap Overpass API
896295346,Мой сам,55.9056365,37.6985532,OpenStreetMap Overpass API
897722037,Автомойка,55.8637179,37.5324502,OpenStreetMap Overpass API
902660107,Автомойка,55.8613371,37.5504116,OpenStreetMap Overpass API
902660108,Автомойка,55.8614344,37.5505938,OpenStreetMap Overpass API
906832481,Автомойка,55.921341,37.7028524,OpenStreetMap Overpass API
917178663,Автомойка,55.8397235,37.3040777,OpenStreetMap Overpass API
931440216,Автомойка,55.8840525,37.4075328,OpenStreetMap Overpass API
934984886,Турбо,55.5843132,37.3666396,OpenStreetMap Overpass API
938013593,Автомойка,55.7772895,37.7463977,OpenStreetMap Overpass API
938013594,Автомойка,55.7771284,37.746366,OpenStreetMap Overpass API
946242588,Автомойка,55.6872656,37.8924939,OpenStreetMap Overpass API
961290788,Автомойка,55.9590384,37.3362545,OpenStreetMap Overpass API
970218317,Автомойка,55.7884798,37.3700673,OpenStreetMap Overpass API
983593818,Автомойка,55.6726867,37.2997984,OpenStreetMap Overpass API
990504622,Blank,55.9166549,37.708024,OpenStreetMap Overpass API
992685497,Автомойка,55.6589703,37.5213672,OpenStreetMap Overpass API
995250327,Автомойка,55.8888431,37.4824193,OpenStreetMap Overpass API
995287446,Автомойка,55.7500317,37.8348015,OpenStreetMap Overpass API
995308506,Pitstop,55.8961229,37.4821268,OpenStreetMap Overpass API
996623510,Автомойка,55.920205,37.39502,OpenStreetMap Overpass API
1002109494,Автомойка,55.8706196,37.5162251,OpenStreetMap Overpass API
1013654088,AquaService,55.7092246,37.9596613,OpenStreetMap Overpass API
1024498027,Автомойка,55.6259603,37.9488452,OpenStreetMap Overpass API
1024669873,Автомойка,55.6140379,37.969269,OpenStreetMap Overpass API
1026521237,Автомойка,55.9774611,37.3858257,OpenStreetMap Overpass API
1026521238,Автомойка,55.9777529,37.3865155,OpenStreetMap Overpass API
1031011939,Автомойка,55.5897649,38.0028016,OpenStreetMap Overpass API
1031841668,Автомойка,55.5877117,38.0092893,OpenStreetMap Overpass API
1040194598,Мойка,55.8285729,37.9082432,OpenStreetMap Overpass API
1042669192,Speed Wash,55.8401669,37.2992222,OpenStreetMap Overpass API
1052461735,Автомойка,55.9639617,37.9369984,OpenStreetMap Overpass API
1067166227,Мой сам,55.8957409,37.679208,OpenStreetMap Overpass API
1074218972,Автомойка,55.8831414,37.5564184,OpenStreetMap Overpass API
1074218973,Автомойка,55.8830842,37.5565953,OpenStreetMap Overpass API
1074580391,ТехноМатик,55.7823462,37.8412369,OpenStreetMap Overpass API
1087211060,Мой-ка! DS,55.9707272,37.44723,OpenStreetMap Overpass API
1087211082,МойСам,55.8866749,37.5521895,OpenStreetMap Overpass API
1096131479,Чистые колеса,55.9340518,37.7402339,OpenStreetMap Overpass API
1123398386,Самомой,55.8120015,37.9529366,OpenStreetMap Overpass API
1154845342,Автомойка,55.7328056,37.7628598,OpenStreetMap Overpass API
1212474848,Автомойка,55.8144221,37.7850198,OpenStreetMap Overpass API
1212510677,Автомойка,55.8146224,37.7813046,OpenStreetMap Overpass API
1216011053,Автомойка,55.9328828,38.0183998,OpenStreetMap Overpass API
1216422677,Автомойка,55.963106,38.0436445,OpenStreetMap Overpass API
1251067123,Стандарт чистоты,55.914125,37.8390511,OpenStreetMap Overpass API
1274707136,Автомойка,55.8118849,37.3234695,OpenStreetMap Overpass API
1281790479,Портал,55.803249,37.3014795,OpenStreetMap Overpass API
1284393867,Автомойка,55.9394527,37.9690973,OpenStreetMap Overpass API
1296111663,Автомойка,55.8402851,37.3004615,OpenStreetMap Overpass API
1312507015,Автомойка,55.9109847,38.0040619,OpenStreetMap Overpass API
1316136443,Автомойка,55.924038,37.3958635,OpenStreetMap Overpass API
1421499549,Мой сам,55.8753006,37.5877898,OpenStreetMap Overpass API
1428301841,Ehrle,55.7890078,37.3842586,OpenStreetMap Overpass API
1504461096,Автомойка,55.9216204,37.4111658,OpenStreetMap Overpass API
1517650949,Автомойка,55.7985735,37.7978739,OpenStreetMap Overpass API
6576903,Автомойка,55.6586573,37.4296301,OpenStreetMap Overpass API
11478849,Автомойка,55.8555561,37.6719887,OpenStreetMap Overpass API
14890178,Автолайт,55.7604558,37.8366752,OpenStreetMap Overpass API
15659281,Автомойка,55.7926374,37.5968499,OpenStreetMap Overpass API
15698315,Автомойка,55.8092857,37.6150015,OpenStreetMap Overpass API
16545928,Автомойка,55.7264365,37.6863537,OpenStreetMap Overpass API
17701008,Портал,55.8197706,37.6413235,OpenStreetMap Overpass API
17734482,Автомойка,55.8165965,37.6379211,OpenStreetMap Overpass API
18001542,Аквафортуна,55.8184023,37.6178654,OpenStreetMap Overpass API
